1,835,2018-12-01,14,33,19,4,21,10,31,,,,,,,,,,,,,,,,
1,835,2018-12-01,45,28,10,9,13,38,35,15,58,2306,106763,1767089,18505216875,3084202838,3084203514,5338150000,8835445000,38847217500,1233681125,53175911,1337469,50000,5000
1,836,2018-12-08,5,43,32,28,13,27,34,,,,,,,,,,,,,,,,
1,836,2018-12-08,28,9,1,14,11,26,19,14,62,2230,103846,1719260,17609811380,2934968586,2934969900,5192300000,8596300000,37268348500,1257843670,47338203,1316130,50000,5000
5,837,2018-12-15,5,32,19,4,44,34,31,,,,,,,,,,,,,,,,
5,837,2018-12-15,2,30,28,45,33,25,6,6,47,2012,97334,1656959,18866694750,3144449131,3144450176,4866700000,8284795000,38307088000,3144449125,66903173,1562848,50000,5000
3,838,2018-12-22,23,28,18,41,15,3,25,,,,,,,,,,,,,,,,
3,838,2018-12-22,33,38,9,14,36,17,20,5,68,2220,107897,1777501,19068665250,3178110900,3178112040,5394850000,8887505000,39707242000,3813733050,46736925,1431582,50000,5000
4,839,2018-12-29,22,14,5,28,11,4,7,,,,,,,,,,,,,,,,
4,839,2018-12-29,13,12,3,11,19,9,35,13,48,2664,126227,1946924,17672913752,2945485632,2945486232,6311350000,9734620000,39609855000,1359454904,61364284,1105663,50000,5000
3,840,2019-01-05,27,6,19,40,28,9,30,,,,,,,,,,,,,,,,
3,840,2019-01-05,2,28,43,29,11,4,27,10,51,2275,110586,1852019,20429617880,3404936358,3404937900,5529300000,9260095000,42028885500,2042961788,66763458,1496676,50000,5000
4,841,2019-01-12,43,45,41,23,8,37,22,,,,,,,,,,,,,,,,
4,841,2019-01-12,14,33,38,5,30,11,24,17,88,2490,119648,1901965,18973627138,3162271200,3162272610,5982400000,9509825000,40790394500,1116095714,35934900,1269989,50000,5000
3,842,2019-01-19,12,25,40,44,18,39,38,,,,,,,,,,,,,,,,
3,842,2019-01-19,26,32,42,36,14,39,38,10,42,2039,103190,1735911,20354750250,3392458398,3392459654,5159500000,8679555000,40978722000,2035475025,80772819,1663786,50000,5000
4,843,2019-01-26,35,6,43,17,21,42,25,,,,,,,,,,,,,,,,
4,843,2019-01-26,21,30,34,19,33,42,4,5,52,2002,105717,1777953,20064850500,3344141788,3344142802,5285850000,8889765000,40928749000,4012970100,64310419,1670401,50000,5000
5,844,2019-02-02,39,15,6,38,33,27,9,,,,,,,,,,,,,,,,
5,844,2019-02-02,45,8,7,15,13,33,18,18,73,2406,120078,1997556,20933343756,3488890679,3488892480,6003900000,9987780000,43902805000,1162963542,47793023,1450080,50000,5000
5,845,2019-02-09,20,36,26,8,11,42,7,,,,,,,,,,,,,,,,
5,845,2019-02-09,29,1,16,33,40,45,6,11,56,2038,105790,1782933,20803389002,3467231544,3467233096,5289500000,8914665000,41942017000,1891217182,61914849,1701292,50000,5000
1,846,2019-02-16,27,6,9,1,42,4,45,,,,,,,,,,,,,,,,
1,846,2019-02-16,45,30,41,5,43,18,13,13,69,1997,106009,1797728,20759497135,3459916197,3459916329,5300450000,8988640000,41968419500,1596884395,50143713,1732557,50000,5000
4,847,2019-02-23,43,27,1,38,23,28,19,,,,,,,,,,,,,,,,
4,847,2019-02-23,30,16,28,12,26,42,22,8,40,2443,114324,1857205,20166773256,3361128880,3361130703,5716200000,9286025000,41891256000,2520846657,84028222,1375821,50000,5000
4,848,2019-03-02,13,43,36,34,24,23,33,,,,,,,,,,,,,,,,
4,848,2019-03-02,16,2,39,38,22,1,34,7,42,2109,103845,1792259,21081066006,3513511008,3513511749,5192250000,8961295000,42261633000,3011580858,83655024,1665961,50000,5000
1,849,2019-03-09,17,8,21,18,7,37,39,,,,,,,,,,,,,,,,
1,849,2019-03-09,34,5,13,39,17,29,3,17,56,2682,113125,1851371,19690299011,3281716536,3281716656,5656250000,9256855000,41166837000,1158252883,58602081,1223608,50000,5000
3,850,2019-03-16,28,7,1,5,34,25,17,,,,,,,,,,,,,,,,
3,850,2019-03-16,28,24,20,36,39,16,5,6,55,2023,101591,1727367,20265527250,3377587895,3377588662,5079550000,8636835000,40737088000,3377587875,61410689,1669594,50000,5000
3,851,2019-03-23,35,19,43,38,45,20,36,,,,,,,,,,,,,,,,
3,851,2019-03-23,18,22,14,26,31,44,40,8,70,2101,106132,1750048,19869538504,3311589750,3311589897,5306600000,8750240000,40549558000,2483692313,47308425,1576197,50000,5000
1,852,2019-03-30,21,40,1,27,24,2,23,,,,,,,,,,,,,,,,
1,852,2019-03-30,28,33,17,30,11,35,9,4,67,2328,114850,1876933,19206173628,3201028984,3201030264,5742500000,9384665000,40735396500,4801543407,47776552,1375013,50000,5000
2,853,2019-04-06,8,41,1,10,20,21,2,,,,,,,,,,,,,,,,
2,853,2019-04-06,26,2,8,44,23,27,13,7,90,2018,105158,1787511,20195047502,3365841330,3365842380,5257900000,8937555000,41122185000,2885006786,37398237,1667910,50000,5000
3,854,2019-04-13,17,14,27,29,34,16,42,,,,,,,,,,,,,,,,
3,854,2019-04-13,25,20,43,36,31,32,3,6,44,1865,99152,1716083,20530240500,3421706772,3421708040,4957600000,8580415000,40911669000,3421706750,77766063,1834696,50000,5000
5,855,2019-04-20,1,23,17,11,2,3,27,,,,,,,,,,,,,,,,
5,855,2019-04-20,44,8,17,15,19,43,7,9,61,2022,102532,1765328,20425594500,3404265796,3404267508,5126600000,8826640000,41187366000,2269510500,55807636,1683614,50000,5000
5,856,2019-04-27,16,12,26,14,9,29,20,,,,,,,,,,,,,,,,
5,856,2019-04-27,40,10,43,24,41,44,17,5,53,1949,104537,1700369,19889637750,3314939643,3314941058,5226850000,8501845000,40248212000,3977927550,62546031,1700842,50000,5000
3,857,2019-05-04,36,26,19,22,33,7,12,,,,,,,,,,,,,,,,
3,857,2019-05-04,6,38,28,10,34,16,43,15,62,2367,111971,1833940,19273731375,3212288572,3212288838,5598550000,9169700000,40466558500,1284915425,51811106,1357114,50000,5000
2,858,2019-05-11,17,13,6,24,31,29,15,,,,,,,,,,,,,,,,
2,858,2019-05-11,13,43,32,9,38,39,23,9,41,2075,106176,1789295,19821127131,3303521208,3303522425,5308800000,8946475000,40683444500,2202347459,80573688,1592059,50000,5000
2,859,2019-05-18,29,34,25,5,20,14,40,,,,,,,,,,,,,,,,
2,859,2019-05-18,22,38,41,8,35,39,24,11,51,1895,97729,1678945,20393202379,3398867103,3398868210,4886450000,8394725000,40472111500,1853927489,66644453,1793598,50000,5000
4,860,2019-05-25,34,10,16,3,13,42,41,,,,,,,,,,,,,,,,
4,860,2019-05-25,25,8,4,32,18,27,42,10,62,2339,128867,1882931,18798998250,3133166404,3133167687,6443350000,9414655000,40923336000,1879899825,50534942,1339533,50000,5000
4,861,2019-06-01,3,38,5,28,42,25,13,,,,,,,,,,,,,,,,
4,861,2019-06-01,19,21,22,11,17,25,24,4,65,2256,108644,1819899,19488435376,3248072620,3248073744,5432200000,9099495000,40516275500,4872108844,49970348,1439749,50000,5000
2,862,2019-06-08,39,9,27,34,7,42,45,,,,,,,,,,,,,,,,
2,862,2019-06-08,40,10,43,42,34,38,32,9,63,2042,104765,1755036,19718304381,3286384101,3286384590,5238250000,8775180000,40304502500,2190922709,52164827,1609395,50000,5000
3,863,2019-06-15,42,38,4,16,43,39,35,,,,,,,,,,,,,,,,
3,863,2019-06-15,43,35,39,16,21,28,12,7,64,2042,104949,1753097,19973501254,3328916928,3328917408,5247450000,8765485000,40644270000,2853357322,52014327,1630224,50000,5000
2,864,2019-06-22,12,22,20,14,19,32,30,,,,,,,,,,,,,,,,
2,864,2019-06-22,36,13,3,10,7,25,32,11,64,2467,122913,1957675,18882090007,3147015040,3147016215,6145650000,9788375000,41110145000,1716553637,49172110,1275645,50000,5000
4,865,2019-06-29,10,20,2,7,38,34,8,,,,,,,,,,,,,,,,
4,865,2019-06-29,32,3,15,45,33,22,2,13,52,2076,104626,1749234,20172478885,3362079864,3362079924,5231300000,8746170000,40874108500,1551729145,64655382,1619499,50000,5000
1,866,2019-07-06,1,13,2,39,18,5,4,,,,,,,,,,,,,,,,
1,866,2019-07-06,39,15,29,34,37,9,12,9,68,2035,104919,1770017,20163681000,3360613516,3360615280,5245950000,8850085000,40980943000,2240409000,49420787,1651408,50000,5000
4,867,2019-07-13,36,41,35,14,8,44,1,,,,,,,,,,,,,,,,
4,867,2019-07-13,14,22,17,19,40,24,41,5,57,2175,109516,1820552,19668776250,3278129394,3278129550,5475800000,9102760000,40803595000,3933755250,57511042,1507186,50000,5000
5,868,2019-07-20,3,43,33,39,10,18,19,,,,,,,,,,,,,,,,
5,868,2019-07-20,12,43,44,17,41,28,25,6,61,2152,109133,1789491,19402825500,3233804285,3233806096,5456650000,8947455000,40274539000,3233804250,53013185,1502698,50000,5000
5,869,2019-07-27,26,21,7,43,42,45,34,,,,,,,,,,,,,,,,
5,869,2019-07-27,20,37,39,6,2,27,4,10,56,2210,108562,1814332,19225825880,3204304320,3204305520,5428100000,9071660000,40134194500,1922582588,57219720,1449912,50000,5000
3,870,2019-08-03,2,39,14,24,41,40,27,,,,,,,,,,,,,,,,
3,870,2019-08-03,32,40,30,21,25,42,31,10,48,2033,102000,1705285,19288429880,3214738320,3214740207,5100000000,8526425000,39344331500,1928842988,66973715,1581279,50000,5000
4,871,2019-08-10,15,7,44,32,37,8,24,,,,,,,,,,,,,,,,
4,871,2019-08-10,26,12,30,34,6,2,38,7,61,2231,108666,1792357,19026499506,3171083292,3171085394,5433300000,8961785000,39763751000,2718071358,51984972,1421374,50000,5000
1,872,2019-08-17,21,13,28,25,30,1,40,,,,,,,,,,,,,,,,
1,872,2019-08-17,43,30,4,32,33,2,29,16,46,2018,99681,1715898,20203289264,3367214904,3367216638,4984050000,8579490000,40501259000,1262705579,73200324,1668591,50000,5000
1,873,2019-08-24,10,20,11,1,27,31,9,,,,,,,,,,,,,,,,
1,873,2019-08-24,12,13,39,33,5,3,38,10,68,2375,123684,2001910,18745532250,3124255376,3124255500,6184200000,10009550000,41187793000,1874553225,45944932,1315476,50000,5000
2,874,2019-08-31,45,38,25,9,30,34,20,,,,,,,,,,,,,,,,
2,874,2019-08-31,19,23,28,15,1,42,32,18,68,2240,110655,1830269,20108230506,3351371772,3351373760,5532750000,9151345000,41495069000,1117123917,49284879,1496149,50000,5000
2,875,2019-09-07,14,22,8,13,28,45,1,,,,,,,,,,,,,,,,
2,875,2019-09-07,22,34,19,44,39,30,36,14,33,2278,105071,1726617,19823254136,3303875718,3303876798,5253550000,8633085000,40317640500,1415946724,100117446,1450341,50000,5000
4,876,2019-09-14,45,26,28,5,39,16,34,,,,,,,,,,,,,,,,
4,876,2019-09-14,42,16,26,34,5,21,24,19,59,2427,112619,1856647,20722499264,3453749906,3453752058,5630950000,9283235000,42544184000,1090657856,58538134,1423054,50000,5000
2,877,2019-09-21,44,12,14,8,42,29,7,,,,,,,,,,,,,,,,
2,877,2019-09-21,18,23,17,43,5,22,12,12,75,2167,109806,1867270,20599286256,3433214400,3433214939,5490300000,9336350000,42292365000,1716607188,45776192,1584317,50000,5000
4,878,2019-09-28,38,12,43,18,9,16,21,,,,,,,,,,,,,,,,
4,878,2019-09-28,16,2,6,11,25,31,3,6,69,2971,129139,1994188,19247961000,3207993540,3207993699,6456950000,9970940000,42091838000,3207993500,46492660,1079769,50000,5000
4,879,2019-10-05,1,7,38,40,29,42,2,,,,,,,,,,,,,,,,
4,879,2019-10-05,35,15,4,14,10,1,20,6,77,2594,123497,1952277,19238167878,3206361389,3206362986,6174850000,9761385000,41587125500,3206361313,41641057,1236069,50000,5000
5,880,2019-10-12,16,12,40,17,22,9,38,,,,,,,,,,,,,,,,
5,880,2019-10-12,23,24,45,19,7,17,38,7,52,2332,114994,1939064,19864673255,3310778900,3310780044,5749700000,9695320000,41931251000,2837810465,63668825,1419717,50000,5000
2,881,2019-10-19,12,26,16,29,14,32,19,,,,,,,,,,,,,,,,
2,881,2019-10-19,32,4,27,18,20,26,9,8,67,2189,116952,1939849,20025698256,3337616390,3337616458,5847600000,9699245000,42247776000,2503212282,49815170,1524722,50000,5000
5,882,2019-10-26,40,23,41,31,3,42,4,,,,,,,,,,,,,,,,
5,882,2019-10-26,39,18,45,34,43,44,23,5,44,2082,109226,1839873,20636352000,3439392000,3439393212,5461300000,9199365000,42175801000,4127270400,78168000,1651966,50000,5000
1,883,2019-11-02,20,17,15,9,18,30,3,,,,,,,,,,,,,,,,
1,883,2019-11-02,37,18,44,32,33,9,22,15,65,2538,119613,1924209,20407792875,3401298875,3401300700,5980650000,9621045000,42812085500,1360519525,52327675,1340150,50000,5000
1,884,2019-11-09,39,35,6,45,25,24,30,,,,,,,,,,,,,,,,
1,884,2019-11-09,4,28,45,37,23,14,17,12,74,2207,108076,1817654,21588927384,3598154614,3598155966,5403800000,9088270000,43277306500,1799077282,48623711,1630338,50000,5000
1,885,2019-11-16,17,12,21,9,6,37,28,,,,,,,,,,,,,,,,
1,885,2019-11-16,24,1,39,45,3,27,31,13,56,2279,111832,1869359,20069823384,3344970608,3344972623,5591600000,9346795000,41698159500,1543832568,59731618,1467737,50000,5000
5,886,2019-11-23,26,21,42,45,3,19,7,,,,,,,,,,,,,,,,
5,886,2019-11-23,23,28,42,19,45,37,2,7,59,2140,109766,1768281,20822506502,3470417760,3470418740,5488300000,8841405000,42093047000,2974643786,58820640,1621691,50000,5000
1,887,2019-11-30,11,8,36,25,35,4,13,,,,,,,,,,,,,,,,
1,887,2019-11-30,36,17,14,27,45,8,10,8,66,2388,114719,1885924,20282149504,3380358300,3380359668,5735950000,9429620000,42208436000,2535268688,51217550,1415561,50000,5000
4,888,2019-12-07,4,8,13,45,27,30,10,,,,,,,,,,,,,,,,
4,888,2019-12-07,38,7,34,12,3,31,32,8,59,2453,123025,1990715,18962873632,3160478960,3160479542,6151250000,9953575000,41388656500,2370359204,53567440,1288414,50000,5000
3,889,2019-12-14,43,26,40,41,10,28,23,,,,,,,,,,,,,,,,
3,889,2019-12-14,42,3,13,29,38,39,26,10,60,2338,114198,1907477,21089869500,3514978260,3514979594,5709900000,9537385000,43367111000,2108986950,58582971,1503413,50000,5000
3,890,2019-12-21,40,6,11,44,24,3,4,,,,,,,,,,,,,,,,
3,890,2019-12-21,4,1,18,14,29,37,6,9,58,2376,114859,1915593,21019375503,3503229290,3503231424,5742950000,9577965000,43346749000,2335486167,60400505,1474424,50000,5000
2,891,2019-12-28,13,42,36,45,10,21,7,,,,,,,,,,,,,,,,
2,891,2019-12-28,9,13,31,39,41,28,19,7,77,2443,122132,1998623,21578717629,3596453014,3596455121,6106600000,9993115000,44871338500,3082673947,46707182,1472147,50000,5000
5,892,2020-01-04,17,4,18,22,16,41,32,,,,,,,,,,,,,,,,
5,892,2020-01-04,9,17,42,18,4,26,36,17,78,2709,134155,2155749,21794296888,3632382858,3632384322,6707750000,10778745000,46545557500,1282017464,46569011,1340858,50000,5000
3,893,2020-01-11,45,39,5,13,3,29,43,,,,,,,,,,,,,,,,
3,893,2020-01-11,15,25,17,1,41,23,10,9,58,2113,116062,1899696,21396902625,3566150474,3566152360,5803100000,9498480000,43830783500,2377433625,61485353,1687720,50000,5000
2,894,2020-01-18,4,17,27,3,2,9,22,,,,,,,,,,,,,,,,
2,894,2020-01-18,40,43,37,32,41,19,45,9,56,2331,116749,1971982,21401423631,3566903984,3566905524,5837450000,9859910000,44232591500,2377935959,63694714,1530204,50000,5000
2,895,2020-01-25,13,9,14,11,29,4,31,,,,,,,,,,,,,,,,
2,895,2020-01-25,38,39,31,16,41,26,23,12,58,2750,134059,2185782,23136950628,3856158478,3856160000,6702950000,10928910000,48481127500,1928079219,66485491,1402240,50000,5000
5,896,2020-02-01,24,32,19,5,35,23,30,,,,,,,,,,,,,,,,
5,896,2020-02-01,26,5,45,12,25,38,23,7,46,2586,128068,2066172,21372554252,3562092386,3562093458,6403400000,10330860000,45230999000,3053222036,77436791,1377453,50000,5000
5,897,2020-02-08,40,26,36,20,34,9,3,,,,,,,,,,,,,,,,
5,897,2020-02-08,36,12,26,7,22,6,29,13,62,2398,121076,1996656,21058992760,3509832152,3509832700,6053800000,9983280000,44115737000,1619922520,56610196,1463650,50000,5000
5,898,2020-02-15,42,36,21,28,15,18,16,,,,,,,,,,,,,,,,
5,898,2020-02-15,37,21,35,28,42,18,17,8,56,3240,137051,2005739,21114505880,3519084352,3519087120,6852550000,10028695000,45033919500,2639313235,62840792,1086138,50000,5000
4,899,2020-02-22,23,12,6,17,10,14,35,,,,,,,,,,,,,,,,
4,899,2020-02-22,20,21,8,39,19,33,37,6,53,2402,121900,1993765,20156136378,3359356081,3359357934,6095000000,9968825000,42938673500,3359356063,63384077,1398567,50000,5000
1,900,2020-02-29,9,43,12,14,40,45,2,,,,,,,,,,,,,,,,
1,900,2020-02-29,13,16,18,35,38,7,14,6,51,2385,113132,1872855,20099108250,3349851411,3349851750,5656600000,9364275000,41819686000,3349851375,65683361,1404550,50000,5000
3,901,2020-03-07,15,1,8,43,37,27,6,,,,,,,,,,,,,,,,
3,901,2020-03-07,5,23,30,18,34,20,21,9,67,2308,114451,1890747,20411772003,3401962051,3401961996,5722550000,9453735000,42391981000,2267974667,50775553,1473987,50000,5000
1,902,2020-03-14,38,22,29,16,41,42,30,,,,,,,,,,,,,,,,
1,902,2020-03-14,19,23,39,36,24,7,30,13,67,2372,119126,1945304,21051127877,3508521330,3508522452,5956300000,9726520000,43750990500,1619317529,52365990,1479141,50000,5000
3,903,2020-03-21,6,5,19,39,14,26,37,,,,,,,,,,,,,,,,
3,903,2020-03-21,15,2,21,16,22,28,45,13,49,2316,111981,1902821,21899568756,3649928170,3649930308,5599050000,9514105000,44312580000,1684582212,74488330,1575963,50000,5000
2,904,2020-03-28,3,28,6,43,42,17,21,,,,,,,,,,,,,,,,
2,904,2020-03-28,8,6,43,26,45,2,11,8,92,2337,115626,1938996,21744622504,3624103836,3624105087,5781300000,9694980000,44469110000,2718077813,39392433,1550751,50000,5000
4,905,2020-04-04,20,19,29,44,16,24,35,,,,,,,,,,,,,,,,
4,905,2020-04-04,4,40,38,16,3,27,20,7,77,2643,129133,2111090,21125037752,3520839630,3520840734,6456650000,10555450000,45178817000,3017862536,45725190,1332138,50000,5000
4,906,2020-04-11,38,29,5,24,2,27,7,,,,,,,,,,,,,,,,
4,906,2020-04-11,28,5,31,2,14,32,20,9,63,2369,117171,1988860,22253465250,3708910926,3708911138,5858550000,9944300000,45474137000,2472607250,58871602,1565602,50000,5000
5,907,2020-04-18,39,17,20,15,24,2,31,,,,,,,,,,,,,,,,
5,907,2020-04-18,44,27,38,21,29,40,37,7,67,2300,112189,1903128,22155413252,3692568923,3692569500,5609450000,9515640000,44665641000,3165059036,55112969,1605465,50000,5000
4,908,2020-04-25,3,14,8,12,4,28,21,,,,,,,,,,,,,,,,
4,908,2020-04-25,3,21,44,16,23,22,30,8,57,2161,108610,1858567,22678849128,3779808225,3779809422,5430500000,9292835000,44961800500,2834856141,66312425,1749102,50000,5000
2,909,2020-05-02,22,29,30,5,17,3,32,,,,,,,,,,,,,,,,
2,909,2020-05-02,34,24,35,7,30,29,33,11,63,2316,111558,1910295,22231691625,3705282000,3705282708,5577900000,9551475000,44771630500,2021062875,58814000,1599863,50000,5000
2,910,2020-05-09,37,26,21,2,45,29,38,,,,,,,,,,,,,,,,
2,910,2020-05-09,39,17,11,27,35,1,31,21,72,2694,128516,2074354,19767643875,3294607320,3294608442,6425800000,10371770000,43154428500,941316375,45758435,1222943,50000,5000
3,911,2020-05-16,33,38,34,5,15,17,25,,,,,,,,,,,,,,,,
3,911,2020-05-16,4,5,12,14,42,32,35,10,58,2571,123236,2064778,21135386250,3522564402,3522565665,6161800000,10323890000,44666205000,2113538625,60733869,1370115,50000,5000
5,912,2020-05-23,40,41,15,29,8,19,26,,,,,,,,,,,,,,,,
5,912,2020-05-23,5,21,22,8,18,38,10,14,70,2547,125332,2030860,20909008134,3484834710,3484835964,6266600000,10154300000,44299577500,1493500581,49783353,1368212,50000,5000
4,913,2020-05-30,36,20,7,22,27,28,40,,,,,,,,,,,,,,,,
4,913,2020-05-30,21,16,27,37,14,6,40,16,66,2467,122530,1996371,21420089632,3570014976,3570015436,6126500000,9981855000,44668474500,1338755602,54091136,1447108,50000,5000
5,914,2020-06-06,22,23,37,4,42,27,6,,,,,,,,,,,,,,,,
5,914,2020-06-06,44,42,24,16,33,19,27,11,55,2585,122904,2006794,21450061127,3575010230,3575011055,6145200000,10033970000,44779251500,1950005557,65000186,1382983,50000,5000
2,915,2020-06-13,10,41,26,12,20,15,2,,,,,,,,,,,,,,,,
2,915,2020-06-13,37,22,13,2,11,6,14,6,63,2436,119025,1966167,21111843000,3518640531,3518641224,5951250000,9830835000,43931209000,3518640500,55851437,1444434,50000,5000
5,916,2020-06-20,18,25,32,6,2,27,39,,,,,,,,,,,,,,,,
5,916,2020-06-20,21,36,35,6,22,32,17,11,70,2184,111426,1857917,22279227751,3713204670,3713206224,5571300000,9289585000,44566522000,2025384341,53045781,1700186,50000,5000
1,917,2020-06-27,36,20,1,35,43,9,19,,,,,,,,,,,,,,,,
1,917,2020-06-27,27,23,43,24,1,3,34,10,47,2260,117542,2000201,21447996380,3574666075,3574666860,5877100000,10001005000,44475433500,2144799638,76056725,1581711,50000,5000
3,918,2020-07-04,11,12,36,28,3,24,29,,,,,,,,,,,,,,,,
3,918,2020-07-04,12,7,11,31,33,38,5,18,86,2718,137216,2183337,20117207628,3352867982,3352870440,6860800000,10916685000,44600428500,1117622646,38986837,1233580,50000,5000
1,919,2020-07-11,43,19,44,39,20,16,23,,,,,,,,,,,,,,,,
1,919,2020-07-11,18,42,14,9,17,44,35,5,56,2541,122864,2052965,21525752250,3587625384,3587627736,6143200000,10264825000,45109028000,4305150450,64064739,1411896,50000,5000
3,920,2020-07-18,27,14,17,40,30,23,26,,,,,,,,,,,,,,,,
3,920,2020-07-18,3,34,26,43,2,33,29,7,53,2348,117181,1984222,21841821379,3640303569,3640303980,5859050000,9921110000,44902588500,3120260197,68684973,1550385,50000,5000
4,921,2020-07-25,3,9,10,22,25,45,43,,,,,,,,,,,,,,,,
4,921,2020-07-25,41,5,22,7,28,12,1,17,72,2682,129993,2101238,20953747885,3492291384,3492293886,6499650000,10506190000,44944170500,1232573405,48504047,1302123,50000,5000
4,922,2020-08-01,36,11,26,28,20,18,7,,,,,,,,,,,,,,,,
4,922,2020-08-01,2,6,13,27,43,17,36,6,89,2876,136052,2097501,20507427000,3417904558,3417904548,6802600000,10487505000,44633341000,3417904500,38403422,1188423,50000,5000
3,923,2020-08-08,13,41,20,5,38,25,31,,,,,,,,,,,,,,,,
3,923,2020-08-08,41,36,23,18,17,3,26,8,56,2376,115877,1937187,21340437000,3556739536,3556741320,5793850000,9685935000,43933701000,2667554625,63513206,1496945,50000,5000
2,924,2020-08-15,16,28,31,26,35,17,29,,,,,,,,,,,,,,,,
2,924,2020-08-15,42,44,3,34,11,43,13,9,69,2198,113214,1920852,21441876003,3573646068,3573646874,5660700000,9604260000,43854128000,2382430667,51791972,1625863,50000,5000
4,925,2020-08-22,1,2,6,13,45,40,37,,,,,,,,,,,,,,,,
4,925,2020-08-22,39,24,34,13,42,32,4,12,68,2335,117863,1944019,21252966384,3542161072,3542162310,5893150000,9720095000,43950533500,1771080532,52090604,1516986,50000,5000
4,926,2020-08-29,19,37,9,44,40,23,30,,,,,,,,,,,,,,,,
4,926,2020-08-29,25,18,31,16,20,10,6,10,72,2923,133167,2085580,20324906630,3387484440,3387485161,6658350000,10427900000,44186125500,2032490663,47048395,1158907,50000,5000
4,927,2020-09-05,32,4,1,11,42,34,21,,,,,,,,,,,,,,,,
4,927,2020-09-05,15,43,41,22,4,38,26,6,63,2331,118446,1979589,22285223250,3714203934,3714206076,5922300000,9897945000,45533876000,3714203875,58955618,1593396,50000,5000
5,928,2020-09-12,23,4,16,12,42,8,25,,,,,,,,,,,,,,,,
5,928,2020-09-12,44,20,4,3,10,28,30,7,81,2639,121873,2011931,21942139506,3657023316,3657023279,6093650000,10059655000,45409491000,3134591358,45148436,1385761,50000,5000
2,929,2020-09-19,26,30,12,37,24,42,14,,,,,,,,,,,,,,,,
2,929,2020-09-19,9,19,7,15,23,12,4,16,91,3028,140880,2244712,20928562512,3488093791,3488095516,7044000000,11223560000,46172310000,1308035157,38330701,1151947,50000,5000
4,930,2020-09-26,3,17,42,16,21,30,43,,,,,,,,,,,,,,,,
4,930,2020-09-26,25,44,21,39,8,38,28,8,55,2776,128480,2124548,22659350632,3776558445,3776559232,6424000000,10622740000,47259207500,2832418829,68664699,1360432,50000,5000
5,931,2020-10-03,30,13,21,26,1,27,8,,,,,,,,,,,,,,,,
5,931,2020-10-03,15,35,14,43,25,23,32,8,54,2596,121943,2041653,23656864504,3942810756,3942812588,6097150000,10208265000,47847901000,2957108063,73015014,1518803,50000,5000
4,932,2020-10-10,44,10,42,43,21,35,14,,,,,,,,,,,,,,,,
4,932,2020-10-10,37,38,36,15,6,1,5,7,64,2420,120969,2067196,23730160881,3955026816,3955027780,6048450000,10335980000,48024644500,3390022983,61797294,1634309,50000,5000
4,933,2020-10-17,33,44,37,8,17,36,30,,,,,,,,,,,,,,,,
4,933,2020-10-17,45,36,31,23,29,27,37,8,63,2215,114043,1962088,23422376632,3903729480,3903731505,5702150000,9810440000,46742425500,2927797079,61963960,1762407,50000,5000
2,934,2020-10-24,6,26,18,24,19,43,45,,,,,,,,,,,,,,,,
2,934,2020-10-24,39,36,3,30,1,33,12,4,66,2359,116726,1985417,23063091376,3843848580,3843848960,5836300000,9927085000,46514173500,5765772844,58240130,1629440,50000,5000
2,935,2020-10-31,14,31,27,36,26,35,16,,,,,,,,,,,,,,,,
2,935,2020-10-31,32,38,4,44,10,20,18,13,120,2933,134376,2118071,22243720512,3707286840,3707288536,6718800000,10590355000,46967449000,1711055424,30894057,1263992,50000,5000
4,936,2020-11-07,15,16,3,20,6,26,30,,,,,,,,,,,,,,,,
4,936,2020-11-07,17,18,29,7,11,13,43,14,77,2864,140160,2252623,20888968506,3481494786,3481495584,7008000000,11263115000,46123073000,1492069179,45214218,1215606,50000,5000
2,937,2020-11-14,6,42,20,37,16,27,19,,,,,,,,,,,,,,,,
2,937,2020-11-14,29,2,40,10,13,22,26,11,57,2480,124141,2092601,22642629009,3773771526,3773773840,6207050000,10463005000,46860227000,2058420819,66206518,1521683,50000,5000
3,938,2020-11-21,1,3,23,40,44,29,43,,,,,,,,,,,,,,,,
3,938,2020-11-21,31,4,16,10,36,8,9,10,64,2531,124971,2096955,22494665630,3749110976,3749112087,6248550000,10484775000,46726212500,2249466563,58579859,1481277,50000,5000
2,939,2020-11-28,15,11,23,37,22,10,32,,,,,,,,,,,,,,,,
2,939,2020-11-28,4,45,39,42,28,11,6,13,67,2682,128408,2127595,22208719507,3701453257,3701455020,6420400000,10637975000,46670001000,1708363039,55245571,1380110,50000,5000
4,940,2020-12-05,26,28,45,30,9,36,5,,,,,,,,,,,,,,,,
4,940,2020-12-05,22,24,41,3,20,15,11,8,51,2329,123292,2087480,22768568632,3794761488,3794763137,6164600000,10437400000,46960091500,2846071079,74407088,1629353,50000,5000
3,941,2020-12-12,35,19,44,41,34,22,37,,,,,,,,,,,,,,,,
3,941,2020-12-12,39,12,40,14,27,25,35,16,87,3275,145544,2282851,21556758752,3592793151,3592796175,7277200000,11414255000,47433800000,1347297422,41296473,1097037,50000,5000
2,942,2020-12-19,33,22,34,9,23,18,12,,,,,,,,,,,,,,,,
2,942,2020-12-19,12,10,43,35,42,18,39,6,52,2473,120907,2045438,22570081878,3761680364,3761682773,6045350000,10227190000,46365982500,3761680313,72340007,1521101,50000,5000
3,943,2020-12-26,3,28,39,6,30,37,32,,,,,,,,,,,,,,,,
3,943,2020-12-26,45,13,1,8,44,36,39,7,74,2722,135763,2238429,24045315756,4007552658,4007554326,6788150000,11192145000,50040716000,3435045108,54156117,1472283,50000,5000
5,944,2021-01-02,32,35,8,37,33,18,3,,,,,,,,,,,,,,,,
5,944,2021-01-02,33,32,19,13,2,16,42,13,79,3057,147665,2440455,25503872628,4250645481,4250648448,7383250000,12202275000,53590688500,1961836356,53805639,1390464,50000,5000
3,945,2021-01-09,7,41,17,9,19,8,39,,,,,,,,,,,,,,,,
3,945,2021-01-09,37,9,30,10,33,15,26,13,71,2490,124224,2120882,22952208383,3825368104,3825369570,6211200000,10604410000,47418554500,1765554491,53878424,1536293,50000,5000
4,946,2021-01-16,7,21,16,11,43,39,42,,,,,,,,,,,,,,,,
4,946,2021-01-16,34,19,30,9,18,40,20,11,71,2949,138433,2224563,23734218002,3955703017,3955703079,6921650000,11122815000,49690089000,2157656182,55714127,1341371,50000,5000
2,947,2021-01-23,14,29,26,9,39,32,3,,,,,,,,,,,,,,,,
2,947,2021-01-23,27,17,35,20,3,8,26,18,58,3182,146908,2351804,22965403500,3827567262,3827567342,7345400000,11759020000,49724958000,1275855750,65992539,1202881,50000,5000
5,948,2021-01-30,21,30,27,3,44,22,4,,,,,,,,,,,,,,,,
5,948,2021-01-30,30,18,13,41,31,38,5,11,90,2905,137929,2252913,24074035876,4012339320,4012339520,6896450000,11264565000,50259729500,2188548716,44581548,1381184,50000,5000
1,949,2021-02-06,4,20,13,40,17,42,19,,,,,,,,,,,,,,,,
1,949,2021-02-06,36,21,44,40,35,14,30,10,65,2594,130363,2192075,24585697130,4097616250,4097617288,6518150000,10960375000,50259454500,2458569713,63040250,1579652,50000,5000
3,950,2021-02-13,28,34,25,41,26,23,38,,,,,,,,,,,,,,,,
3,950,2021-02-13,22,4,28,3,15,40,10,8,67,2886,146270,2422941,26255364000,4375894017,4375894614,7313500000,12114705000,54435357000,3281920500,65311851,1516249,50000,5000
5,951,2021-02-20,9,32,7,16,29,31,6,,,,,,,,,,,,,,,,
5,951,2021-02-20,2,12,39,30,31,43,38,14,72,2907,142335,2346154,24465737254,4077622944,4077625644,7116750000,11730770000,51468503000,1747552661,56633652,1402692,50000,5000
3,952,2021-02-27,43,30,24,4,20,40,35,,,,,,,,,,,,,,,,
3,952,2021-02-27,41,24,33,12,4,22,38,9,93,3039,141776,2304925,24423298506,4070549829,4070552082,7088800000,11524625000,51177823000,2713699834,43769353,1339438,50000,5000
4,953,2021-03-06,39,20,35,23,7,22,33,,,,,,,,,,,,,,,,
4,953,2021-03-06,37,7,27,22,42,9,34,14,102,3273,146120,2331848,22968904126,3828150780,3828153168,7306000000,11659240000,49590445500,1640636009,37530890,1169616,50000,5000
1,954,2021-03-13,41,6,20,15,19,8,25,,,,,,,,,,,,,,,,
1,954,2021-03-13,26,41,30,28,1,9,32,10,64,2657,132057,2214839,24787959000,4131326528,4131326788,6602850000,11074195000,50727657000,2478795900,64551977,1554884,50000,5000
2,955,2021-03-20,4,5,36,27,18,42,24,,,,,,,,,,,,,,,,
2,955,2021-03-20,23,26,33,29,4,9,8,12,71,2650,130744,2196889,24278042256,4046340410,4046340650,6537200000,10984445000,49892368000,2023170188,56990710,1526921,50000,5000
1,956,2021-03-27,25,12,31,27,43,17,19,,,,,,,,,,,,,,,,
1,956,2021-03-27,11,25,41,20,10,21,40,11,136,3053,144650,2325943,22252809381,3708801600,3708802718,7232500000,11629715000,48532627500,2022982671,27270600,1214806,50000,5000
2,957,2021-04-03,12,40,31,28,16,17,36,,,,,,,,,,,,,,,,
2,957,2021-04-03,4,40,24,15,36,35,1,11,61,2835,129545,2131893,23392975507,3898829274,3898830915,6477250000,10659465000,48327349000,2126634137,63915234,1375249,50000,5000
4,958,2021-04-10,4,6,11,43,7,27,1,,,,,,,,,,,,,,,,
4,958,2021-04-10,2,16,35,37,10,9,1,15,67,2470,131097,2168146,23941795125,3990299235,3990299820,6554850000,10840730000,49317973500,1596119675,59556705,1615506,50000,5000
5,959,2021-04-17,20,37,27,9,43,34,6,,,,,,,,,,,,,,,,
5,959,2021-04-17,1,14,40,41,24,15,35,8,75,2502,123802,2072896,24122503128,4020417225,4020418764,6190100000,10364480000,48717917500,3015312891,53605563,1606882,50000,5000
1,960,2021-04-24,45,37,7,31,26,8,28,,,,,,,,,,,,,,,,
1,960,2021-04-24,30,2,32,45,24,18,14,10,56,2569,129546,2180006,24011332130,4001888688,4001890578,6477300000,10900030000,49392439500,2401133213,71462298,1557762,50000,5000
4,961,2021-05-01,31,21,38,9,16,19,14,,,,,,,,,,,,,,,,
4,961,2021-05-01,11,29,33,42,31,20,43,9,73,2716,133764,2197136,23177080881,3862846830,3862847296,6688200000,10985680000,48576654500,2575231209,52915710,1422256,50000,5000
5,962,2021-05-08,1,2,27,9,20,31,22,,,,,,,,,,,,,,,,
5,962,2021-05-08,34,28,43,1,31,18,40,12,73,2581,126528,2119457,23290873128,3881812230,3881813676,6326400000,10597285000,47978182500,1940906094,53175510,1503996,50000,5000
5,963,2021-05-15,11,39,18,42,30,9,32,,,,,,,,,,,,,,,,
5,963,2021-05-15,19,42,6,34,23,12,35,15,68,3137,141987,2219439,22147171875,3691195380,3691198105,7099350000,11097195000,47726107500,1476478125,54282285,1176665,50000,5000
4,964,2021-05-22,45,14,15,28,34,21,33,,,,,,,,,,,,,,,,
4,964,2021-05-22,39,6,21,38,43,36,30,10,52,2447,123780,2061560,23458610630,3909768460,3909770107,6189000000,10307800000,47774947500,2345861063,75187855,1597781,50000,5000
5,965,2021-05-29,30,32,45,40,19,31,9,,,,,,,,,,,,,,,,
5,965,2021-05-29,2,29,25,28,13,36,34,7,46,2389,122129,2043257,23823442503,3970573766,3970575336,6106450000,10216285000,48087325000,3403348929,86316821,1662024,50000,5000
1,966,2021-06-05,42,23,5,6,22,44,8,,,,,,,,,,,,,,,,
1,966,2021-06-05,21,37,25,34,29,1,36,10,50,2352,115370,1980202,24113035130,4018839200,4018841232,5768500000,9901010000,47820223500,2411303513,80376784,1708691,50000,5000
1,967,2021-06-12,1,42,19,17,22,14,28,,,,,,,,,,,,,,,,
1,967,2021-06-12,6,37,13,1,38,40,9,4,69,2475,121200,2042462,23239104376,3873184107,3873184425,6060000000,10212310000,47257782500,5809776094,56133103,1564923,50000,5000
4,968,2021-06-19,39,31,38,35,2,24,11,,,,,,,,,,,,,,,,
4,968,2021-06-19,39,24,2,12,5,14,33,13,97,3116,148150,2329460,21680485879,3613414318,3613416428,7407500000,11647300000,47962114500,1667729683,37251694,1159633,50000,5000
3,969,2021-06-26,26,45,27,4,36,15,5,,,,,,,,,,,,,,,,
3,969,2021-06-26,45,9,29,40,3,10,7,20,56,2633,133079,2211803,22988557880,3831426368,3831428381,6653950000,11059015000,48364375500,1149427894,68418328,1455157,50000,5000
4,970,2021-07-03,32,27,20,33,42,10,24,,,,,,,,,,,,,,,,
4,970,2021-07-03,21,28,11,36,16,9,5,14,87,2479,124923,2061176,22561616630,3760269456,3760271150,6246150000,10305880000,46634185500,1611544045,43221488,1516850,50000,5000
3,971,2021-07-10,21,20,8,31,24,11,37,,,,,,,,,,,,,,,,
3,971,2021-07-10,17,2,21,26,18,6,7,6,62,2685,131409,2171694,22355281500,3725880266,3725880525,6570450000,10858470000,47235962000,3725880250,60094843,1387665,50000,5000
1,972,2021-07-17,12,27,16,26,35,20,6,,,,,,,,,,,,,,,,
1,972,2021-07-17,37,17,39,23,3,6,26,20,80,2570,126989,2122398,22497724880,3749620880,3749622290,6349450000,10611990000,46958406500,1124886244,46870261,1458997,50000,5000
4,973,2021-07-24,5,28,23,9,16,15,25,,,,,,,,,,,,,,,,
4,973,2021-07-24,26,22,41,42,31,37,24,8,42,2257,117757,2003966,23301942000,3883657008,3883658269,5887850000,10019830000,46976936000,2912742750,92468024,1720717,50000,5000
4,974,2021-07-31,4,8,38,36,27,29,26,,,,,,,,,,,,,,,,
4,974,2021-07-31,2,16,44,11,1,39,32,17,66,2636,129473,2149319,22389586891,3731597826,3731598044,6473650000,10746595000,47073027500,1317034523,56539361,1415629,50000,5000
3,975,2021-08-07,5,43,45,11,32,17,22,,,,,,,,,,,,,,,,
3,975,2021-08-07,9,17,8,22,24,7,5,9,61,2828,135604,2212347,21963693375,3660615612,3660616932,6780200000,11061735000,47126859500,2440410375,60010092,1294419,50000,5000
5,976,2021-08-14,10,21,31,20,3,12,25,,,,,,,,,,,,,,,,
5,976,2021-08-14,25,35,14,12,4,37,2,7,69,3085,142375,2270249,22707070505,3784511793,3784514495,7118750000,11351245000,48746089000,3243867215,54847997,1226747,50000,5000
2,977,2021-08-21,11,27,29,31,6,15,8,,,,,,,,,,,,,,,,
2,977,2021-08-21,44,22,14,9,2,10,16,14,82,2474,125781,2097459,23378682754,3896447136,3896448566,6289050000,10487295000,47947922000,1669905911,47517648,1574959,50000,5000
4,978,2021-08-28,13,41,23,3,31,28,29,,,,,,,,,,,,,,,,
4,978,2021-08-28,7,15,34,1,32,42,8,10,70,2826,133915,2217326,23733913880,3955652330,3955653936,6695750000,11086630000,49427598500,2373391388,56509319,1399736,50000,5000
1,979,2021-09-04,29,45,34,8,32,3,35,,,,,,,,,,,,,,,,
1,979,2021-09-04,33,7,11,16,27,21,24,14,79,3414,154980,2403760,22489607252,3748267891,3748268154,7749000000,12018800000,49753943000,1606400518,47446429,1097911,50000,5000
1,980,2021-09-11,15,6,29,12,32,19,41,,,,,,,,,,,,,,,,
1,980,2021-09-11,16,23,3,13,35,24,14,7,70,2819,135751,2237534,23866102505,3977683780,3977685113,6787550000,11187670000,49796690000,3409443215,56824054,1411027,50000,5000
4,981,2021-09-18,25,13,23,9,18,16,12,,,,,,,,,,,,,,,,
4,981,2021-09-18,27,45,43,41,37,36,32,13,65,2824,136630,2289650,25907221509,4317870310,4317870584,6831500000,11448250000,52822712000,1992863193,66428774,1528991,50000,5000
4,982,2021-09-25,43,17,16,11,7,21,26,,,,,,,,,,,,,,,,
4,982,2021-09-25,44,7,21,5,13,20,33,8,81,2931,139208,2291933,24189045376,4031507619,4031508432,6960400000,11459665000,50672125500,3023630672,49771699,1375472,50000,5000
3,983,2021-10-02,29,42,12,20,14,17,7,,,,,,,,,,,,,,,,
3,983,2021-10-02,31,13,35,23,26,43,15,10,78,2640,131780,2196308,25034222250,4172370384,4172372160,6589000000,10981540000,50949503000,2503422225,53491928,1580444,50000,5000
5,984,2021-10-09,8,33,29,3,44,22,23,,,,,,,,,,,,,,,,
5,984,2021-10-09,37,36,10,35,23,3,18,7,64,2596,128129,2149335,24171043876,4028507328,4028509144,6406450000,10746675000,49381183500,3453006268,62945427,1551814,50000,5000
3,985,2021-10-16,30,4,8,35,18,7,42,,,,,,,,,,,,,,,,
3,985,2021-10-16,23,21,44,34,30,17,19,10,62,2581,126523,2123240,24347529750,4057921638,4057923049,6326150000,10616200000,49405723000,2434752975,65450349,1572229,50000,5000
1,986,2021-10-23,11,17,10,38,19,6,39,,,,,,,,,,,,,,,,
1,986,2021-10-23,10,7,42,28,41,16,40,10,70,2793,133889,2231167,23752751250,3958791900,3958792614,6694450000,11155835000,49520620000,2375275125,56554170,1417398,50000,5000
3,987,2021-10-30,14,41,45,27,42,24,30,,,,,,,,,,,,,,,,
3,987,2021-10-30,23,29,2,38,15,4,7,10,73,2968,140004,2283682,23787116250,3964519405,3964520840,7000200000,11418410000,50134765000,2378711625,54308485,1335755,50000,5000
4,988,2021-11-06,41,20,21,16,45,9,8,,,,,,,,,,,,,,,,
4,988,2021-11-06,13,31,41,2,30,20,27,9,61,2663,129322,2139025,24106404375,4017734073,4017734675,6466100000,10695125000,49303097500,2678489375,65864493,1508725,50000,5000
2,989,2021-11-13,29,3,40,4,25,37,34,,,,,,,,,,,,,,,,
2,989,2021-11-13,21,18,27,29,17,33,26,4,63,2444,127891,2158436,23307074252,3884512401,3884513152,6394550000,10792180000,48262829000,5826768563,61658927,1589408,50000,5000
3,990,2021-11-20,18,5,1,3,38,9,23,,,,,,,,,,,,,,,,
3,990,2021-11-20,36,26,37,4,25,2,28,14,56,2858,129113,2169219,24361333878,4060222320,4060223416,6455650000,10846095000,49783523500,1740095277,72503970,1420652,50000,5000
3,991,2021-11-27,3,23,2,41,6,24,16,,,,,,,,,,,,,,,,
3,991,2021-11-27,18,13,25,33,31,44,38,8,110,2969,138068,2226394,23233328256,3872221430,3872223242,6903400000,11131970000,49013141000,2904166032,35202013,1304218,50000,5000
5,992,2021-12-04,21,24,2,7,11,16,1,,,,,,,,,,,,,,,,
5,992,2021-12-04,20,33,45,26,12,44,24,12,58,2373,124311,2105282,23843466756,3973911180,3973911228,6215550000,10526410000,48533249000,1986955563,68515710,1674636,50000,5000
1,993,2021-12-11,38,40,39,12,9,22,36,,,,,,,,,,,,,,,,
1,993,2021-12-11,6,24,14,42,18,16,44,6,70,2732,132583,2220620,23947182378,3991197070,3991197924,6629150000,11103100000,49661826500,3991197063,57017101,1460907,50000,5000
3,994,2021-12-18,16,25,42,33,38,28,40,,,,,,,,,,,,,,,,
3,994,2021-12-18,24,27,1,35,3,8,28,12,70,2803,137937,2216661,22338984756,3723164130,3723166037,6896850000,11083305000,47765468000,1861582063,53188059,1328279,50000,5000
4,995,2021-12-25,14,17,42,35,7,8,43,,,,,,,,,,,,,,,,
4,995,2021-12-25,29,13,4,39,1,38,7,7,69,2793,138372,2269218,24130903125,4021817214,4021819452,6918600000,11346090000,50439227500,3447271875,58287206,1439964,50000,5000
3,996,2022-01-01,28,12,34,4,10,41,21,,,,,,,,,,,,,,,,
3,996,2022-01-01,6,11,24,15,32,39,28,18,86,3313,155856,2546181,26841343878,4473557374,4473560465,7792800000,12730905000,56312163500,1491185771,52018109,1350305,50000,5000
1,997,2022-01-08,37,10,1,25,18,20,19,,,,,,,,,,,,,,,,
1,997,2022-01-08,16,7,4,44,24,14,20,19,85,3692,155887,2331995,23821241640,3970206945,3970206968,7794350000,11659975000,51215980500,1253749560,46708317,1075354,50000,5000
1,998,2022-01-15,7,4,28,17,22,26,21,,,,,,,,,,,,,,,,
1,998,2022-01-15,18,45,13,20,17,42,41,12,53,2648,129576,2227628,24917995884,4152999334,4153001392,6478800000,11138140000,50840934500,2076499657,78358478,1568354,50000,5000
1,999,2022-01-22,9,2,32,5,39,18,3,,,,,,,,,,,,,,,,
1,999,2022-01-22,9,1,28,3,18,14,34,16,67,2943,143217,2369326,24212396640,4035399481,4035400398,7160850000,11846630000,51290675500,1513274790,60229843,1371186,50000,5000
4,1000,2022-01-29,39,13,19,20,23,10,33,,,,,,,,,,,,,,,,
4,1000,2022-01-29,19,2,8,22,42,32,39,22,109,4018,180052,2747686,27430031640,4571672005,4571672364,9002600000,13738430000,59314405500,1246819620,41941945,1137798,50000,5000
5,1001,2022-02-05,15,37,18,34,8,27,43,,,,,,,,,,,,,,,,
5,1001,2022-02-05,12,14,10,20,6,42,15,12,66,2761,140255,2346904,24927355128,4154559222,4154559530,7012750000,11734520000,51983743500,2077279594,62947867,1504730,50000,5000
5,1002,2022-02-12,8,42,22,10,34,7,32,,,,,,,,,,,,,,,,
5,1002,2022-02-12,25,38,45,35,33,17,15,8,85,3193,155418,2436676,24707596504,4117932780,4117935468,7770900000,12183380000,52897742000,3088449563,48446268,1289676,50000,5000
1,1003,2022-02-19,7,41,16,36,19,32,12,,,,,,,,,,,,,,,,
1,1003,2022-02-19,39,1,45,43,4,29,31,14,66,2649,133896,2247475,25355635508,4225939278,4225941753,6694800000,11237375000,51739689000,1811116822,64029383,1595297,50000,5000
2,1004,2022-02-26,29,32,18,2,6,3,22,,,,,,,,,,,,,,,,
2,1004,2022-02-26,37,30,15,7,44,39,18,10,68,2785,140047,2340772,25762519130,4293753240,4293754255,7002350000,11703860000,53056235500,2576251913,63143430,1541743,50000,5000
5,1005,2022-03-05,10,22,31,12,33,28,29,,,,,,,,,,,,,,,,
5,1005,2022-03-05,18,29,13,8,24,27,17,12,84,2798,143067,2349017,24734392128,4122398700,4122399724,7153350000,11745085000,51877624500,2061199344,49076175,1473338,50000,5000
1,1006,2022-03-12,40,45,2,20,39,28,29,,,,,,,,,,,,,,,,
1,1006,2022-03-12,37,17,8,15,16,11,36,9,65,2487,131234,2288458,25700419125,4283403215,4283404866,6561700000,11442290000,52271215500,2855602125,65898511,1722318,50000,5000
1,1007,2022-03-19,15,31,37,22,34,38,8,,,,,,,,,,,,,,,,
1,1007,2022-03-19,11,21,16,25,8,19,40,9,70,2844,137134,2256573,24469077375,4078179630,4078182240,6856700000,11282865000,50765001500,2718786375,58259709,1433960,50000,5000
5,1008,2022-03-26,30,25,28,9,33,35,32,,,,,,,,,,,,,,,,
5,1008,2022-03-26,11,31,30,44,41,9,33,11,97,2826,141072,2311009,24941157010,4156859534,4156862310,7053600000,11555045000,51863521000,2267377910,42854222,1470935,50000,5000
2,1009,2022-04-02,40,23,7,11,12,37,5,,,,,,,,,,,,,,,,
2,1009,2022-04-02,29,44,34,23,40,15,20,15,69,2632,133476,2232525,25536942375,4256157084,4256157192,6673800000,11162625000,51885681500,1702462825,61683436,1617081,50000,5000
2,1010,2022-04-09,32,8,9,43,39,41,27,,,,,,,,,,,,,,,,
2,1010,2022-04-09,9,36,15,12,25,34,3,8,66,2781,136828,2278193,24955040632,4159173480,4159174608,6841400000,11390965000,51505752500,3119380079,63017780,1495568,50000,5000
3,1011,2022-04-16,22,13,23,19,15,9,17,,,,,,,,,,,,,,,,
3,1011,2022-04-16,1,35,12,38,9,26,42,11,76,2818,137485,2292065,24423833632,4070638964,4070640452,6874250000,11460325000,50899686500,2220348512,53561039,1444514,50000,5000
5,1012,2022-04-23,41,12,15,19,43,14,33,,,,,,,,,,,,,,,,
5,1012,2022-04-23,35,45,18,20,5,11,3,13,76,2882,141514,2324952,24205276134,4034212696,4034214954,7075700000,11624760000,50974161500,1861944318,53081746,1399797,50000,5000
5,1013,2022-04-30,18,5,9,33,36,13,42,,,,,,,,,,,,,,,,
5,1013,2022-04-30,36,21,22,41,34,26,32,5,79,2586,128697,2157701,25237853625,4206308943,4206310020,6434850000,10788505000,50873826500,5047570725,53244417,1626570,50000,5000
5,1014,2022-05-07,12,43,9,41,45,33,24,,,,,,,,,,,,,,,,
5,1014,2022-05-07,26,3,11,27,18,14,21,10,69,2849,143906,2372712,24104493380,4017415566,4017417635,7195300000,11863560000,51198184500,2410449338,58223414,1410115,50000,5000
4,1015,2022-05-14,13,38,21,2,43,7,27,,,,,,,,,,,,,,,,
4,1015,2022-05-14,37,31,14,23,33,40,44,8,102,2880,144321,2304033,24408844880,4068140868,4068141120,7216050000,11520165000,51281341500,3051105610,39883734,1412549,50000,5000
1,1016,2022-05-21,38,21,3,16,23,8,12,,,,,,,,,,,,,,,,
1,1016,2022-05-21,15,42,34,41,26,28,44,11,68,2686,132413,2202914,24867267381,4144544580,4144546348,6620650000,11014570000,50791576500,2260660671,60949185,1543018,50000,5000
1,1017,2022-05-28,45,41,20,33,43,27,11,,,,,,,,,,,,,,,,
1,1017,2022-05-28,34,22,12,23,18,30,32,7,70,2596,133621,2235724,24623793754,4103965670,4103967076,6681050000,11178620000,50691395000,3517684822,58628081,1580881,50000,5000
5,1018,2022-06-04,44,27,12,31,30,29,33,,,,,,,,,,,,,,,,
5,1018,2022-06-04,45,21,37,25,19,3,35,2,62,2693,130602,2216230,24723489376,4120581566,4120583537,6530100000,11081150000,50575902500,12361744688,66460993,1530109,50000,5000
1,1019,2022-06-11,43,3,33,31,41,37,6,,,,,,,,,,,,,,,,
1,1019,2022-06-11,17,39,1,4,13,34,6,50,75,5823,192646,2506493,21928257000,3654709500,3654712782,9632300000,12532465000,51402441000,438565140,48729460,627634,50000,5000
3,1020,2022-06-18,27,25,45,30,9,34,16,,,,,,,,,,,,,,,,
3,1020,2022-06-18,29,12,45,41,27,38,6,13,77,2817,138221,2300467,25563609760,4260601653,4260602637,6911050000,11502335000,52498198000,1966431520,55332489,1512461,50000,5000
2,1021,2022-06-25,40,17,16,2,36,9,22,,,,,,,,,,,,,,,,
2,1021,2022-06-25,12,45,15,24,17,29,16,12,56,2461,126484,2182497,25307547000,4217924536,4217925127,6324200000,10912485000,50980081000,2108962250,75320081,1713907,50000,5000
4,1022,2022-07-02,33,21,38,42,37,7,1,,,,,,,,,,,,,,,,
4,1022,2022-07-02,45,5,11,42,6,29,28,5,63,2580,127962,2155059,24332340375,4055390073,4055391060,6398100000,10775295000,49616515500,4866468075,64371271,1571857,50000,5000
1,1023,2022-07-09,19,29,17,1,42,20,4,,,,,,,,,,,,,,,,
1,1023,2022-07-09,14,16,29,10,35,18,25,9,72,2506,127810,2172239,24711100875,4118516856,4118518278,6390500000,10861195000,50199829500,2745677875,57201623,1643463,50000,5000
2,1024,2022-07-16,14,30,24,25,36,27,5,,,,,,,,,,,,,,,,
2,1024,2022-07-16,22,20,9,38,18,44,10,8,63,2616,134065,2224097,24162588000,4027098033,4027099176,6703250000,11120485000,50040519000,3020323500,63922191,1539411,50000,5000
4,1025,2022-07-23,43,40,27,3,9,21,6,,,,,,,,,,,,,,,,
4,1025,2022-07-23,9,20,29,33,25,8,7,4,69,2671,134665,2258426,24475413376,4079235564,4079236672,6733250000,11292130000,50659264500,6118853344,59119356,1527232,50000,5000
3,1026,2022-07-30,4,34,23,16,45,6,39,,,,,,,,,,,,,,,,
3,1026,2022-07-30,32,13,41,31,12,5,34,15,76,2786,138907,2290094,24286777125,4047796252,4047798902,6945350000,11450470000,50778189500,1619118475,53260477,1452907,50000,5000
1,1027,2022-08-06,2,8,26,17,11,20,1,,,,,,,,,,,,,,,,
1,1027,2022-08-06,35,45,16,14,39,27,5,10,83,2700,134097,2217201,24605043380,4100840594,4100841000,6704850000,11086005000,50597579500,2460504338,49407718,1518830,50000,5000
5,1028,2022-08-13,40,38,4,3,14,22,27,,,,,,,,,,,,,,,,
5,1028,2022-08-13,18,13,7,12,35,5,23,20,91,2810,142778,2333653,23624702640,3937450517,3937450680,7138900000,11668265000,50306768500,1181235132,43268687,1401228,50000,5000
5,1029,2022-08-20,2,8,35,21,37,25,3,,,,,,,,,,,,,,,,
5,1029,2022-08-20,37,32,12,41,30,39,24,10,62,2614,125573,2136972,25278484500,4213080792,4213083132,6278650000,10684860000,50668156000,2527848450,67952916,1611738,50000,5000
4,1030,2022-08-27,27,38,10,45,34,22,19,,,,,,,,,,,,,,,,
4,1030,2022-08-27,5,17,11,29,24,2,9,19,104,3278,154929,2473576,24251723633,4041953968,4041954290,7746450000,12367880000,52449961500,1276406507,38864942,1233055,50000,5000
1,1031,2022-09-03,43,21,35,19,15,37,24,,,,,,,,,,,,,,,,
1,1031,2022-09-03,22,32,6,7,35,36,19,8,64,2789,132815,2247015,25711660504,4285276800,4285278977,6640750000,11235075000,52158039000,3213957563,66957450,1536493,50000,5000
1,1032,2022-09-10,42,36,11,34,14,19,38,,,,,,,,,,,,,,,,
1,1032,2022-09-10,6,36,12,19,1,42,28,10,90,3078,149807,2458611,26752575380,4458762630,4458763098,7490350000,12293055000,55453505500,2675257538,49541807,1448591,50000,5000
4,1033,2022-09-17,10,40,20,4,27,25,29,,,,,,,,,,,,,,,,
4,1033,2022-09-17,20,44,15,35,3,11,10,13,79,3083,145505,2376004,24874394259,4145732375,4145734764,7275250000,11880020000,52321129000,1913414943,52477625,1344708,50000,5000
3,1034,2022-09-24,15,29,17,8,30,22,36,,,,,,,,,,,,,,,,
3,1034,2022-09-24,33,38,40,26,32,31,11,9,66,2898,142939,2400364,25819705881,4303284348,4303286568,7146950000,12001820000,53575044500,2868856209,65201278,1484916,50000,5000
3,1035,2022-10-01,40,5,26,30,21,39,3,,,,,,,,,,,,,,,,
3,1035,2022-10-01,9,14,42,35,34,41,2,8,71,2848,141624,2366499,25849549880,4308258345,4308260736,7081200000,11832495000,53379761500,3231193735,60679695,1512732,50000,5000
4,1036,2022-10-08,23,19,30,11,22,38,42,,,,,,,,,,,,,,,,
4,1036,2022-10-08,22,32,34,2,45,5,39,9,64,2593,133443,2231388,25535908503,4255984768,4255986841,6672150000,11156940000,51876968000,2837323167,66499762,1641337,50000,5000
3,1037,2022-10-15,17,19,23,16,38,26,22,,,,,,,,,,,,,,,,
3,1037,2022-10-15,22,33,14,15,2,27,31,15,78,2713,137021,2279500,25628652375,4271442084,4271442155,6851050000,11397500000,52420086500,1708576825,54762078,1574435,50000,5000
2,1038,2022-10-22,27,18,41,28,35,14,1,,,,,,,,,,,,,,,,
2,1038,2022-10-22,16,27,44,24,37,7,2,15,77,3364,154690,2436512,24411858375,4068643117,4068643624,7734500000,12182560000,52466204500,1627457225,52839521,1209466,50000,5000
5,1039,2022-10-29,31,6,8,23,17,37,38,,,,,,,,,,,,,,,,
5,1039,2022-10-29,19,6,39,36,2,3,26,16,80,2773,140403,2359126,25360314752,4226719200,4226720293,7020150000,11795630000,52629533000,1585019672,52833990,1524241,50000,5000
3,1040,2022-11-05,26,6,43,34,11,5,30,,,,,,,,,,,,,,,,
3,1040,2022-11-05,36,26,31,8,16,29,11,7,63,2583,133245,2235373,25623378375,4270563108,4270564305,6662250000,11176865000,52003619500,3660482625,67786716,1653335,50000,5000
5,1041,2022-11-12,28,25,22,5,39,18,10,,,,,,,,,,,,,,,,
5,1041,2022-11-12,7,11,9,18,6,17,45,25,85,3947,167535,2620869,23377279125,3896213255,3896213951,8376750000,13104345000,52650800500,935091165,45837803,987133,50000,5000
2,1042,2022-11-19,39,18,15,22,38,9,14,,,,,,,,,,,,,,,,
2,1042,2022-11-19,43,14,34,23,5,15,4,20,100,3567,157156,2462593,24813273380,4135545600,4135547697,7857800000,12312965000,53255129500,1240663669,41355456,1159391,50000,5000
4,1043,2022-11-26,27,28,13,20,14,39,18,,,,,,,,,,,,,,,,
4,1043,2022-11-26,12,3,5,22,26,31,19,17,86,3156,155087,2495858,24966998252,4161166416,4161167064,7754350000,12479290000,53522971000,1468646956,48385656,1318494,50000,5000
2,1044,2022-12-03,36,38,9,45,33,35,25,,,,,,,,,,,,,,,,
2,1044,2022-12-03,28,26,36,12,17,20,4,8,72,2597,134226,2254796,25095529880,4182588360,4182590559,6711300000,11273980000,51445986500,3136941235,58091505,1610547,50000,5000
5,1045,2022-12-10,41,28,35,9,32,10,16,,,,,,,,,,,,,,,,
5,1045,2022-12-10,19,21,14,6,15,41,37,13,67,2699,135872,2280432,25870785759,4311797663,4311798246,6793600000,11402160000,52690141000,1990060443,64355189,1597554,50000,5000
2,1046,2022-12-17,22,31,6,11,14,36,9,,,,,,,,,,,,,,,,
2,1046,2022-12-17,35,7,29,25,36,16,28,12,57,2959,139560,2260269,24136988628,4022831487,4022831516,6978000000,11301345000,50461996500,2011415719,70575991,1359524,50000,5000
4,1047,2022-12-24,8,26,5,22,44,15,16,,,,,,,,,,,,,,,,
4,1047,2022-12-24,2,33,40,20,44,42,32,9,83,2728,139530,2313403,24739180875,4123196893,4123197408,6976500000,11567015000,51529089500,2748797875,49677071,1511436,50000,5000
2,1048,2022-12-31,33,30,8,2,14,27,3,,,,,,,,,,,,,,,,
2,1048,2022-12-31,6,12,17,21,39,32,30,17,102,3817,170086,2721555,27412406636,4568734530,4568735248,8504300000,13607775000,58661950500,1612494508,44791515,1196944,50000,5000
2,1049,2023-01-07,5,36,6,23,31,4,18,,,,,,,,,,,,,,,,
2,1049,2023-01-07,13,3,5,37,20,21,17,15,89,2968,147061,2462622,25917151500,4319525288,4319526288,7353050000,12313110000,54222362000,1727810100,48533992,1455366,50000,5000
4,1050,2023-01-14,16,41,21,14,13,24,34,,,,,,,,,,,,,,,,
4,1050,2023-01-14,12,6,38,43,31,35,17,17,70,2866,144610,2402116,26096415760,4349402680,4349404342,7230500000,12010580000,54036301000,1535083280,62134324,1517587,50000,5000
2,1051,2023-01-21,37,44,31,12,6,35,8,,,,,,,,,,,,,,,,
2,1051,2023-01-21,26,33,21,32,35,30,44,18,70,2824,143314,2477370,30052052640,5008675490,5008677464,7165700000,12386850000,59621953500,1669558480,71552507,1773611,50000,5000
5,1052,2023-01-28,32,29,35,11,22,14,2,,,,,,,,,,,,,,,,
5,1052,2023-01-28,5,27,17,26,38,35,1,11,108,2926,148178,2405830,25758510382,4293085104,4293085720,7408900000,12029150000,53782730500,2341682762,39750788,1467220,50000,5000
3,1053,2023-02-04,12,16,15,21,34,6,11,,,,,,,,,,,,,,,,
3,1053,2023-02-04,45,30,26,22,34,29,15,7,64,2702,136905,2367764,28632571877,4772095360,4772096770,6845250000,11838820000,56860832500,4090367411,74563990,1766135,50000,5000
4,1054,2023-02-11,16,12,23,3,1,13,40,,,,,,,,,,,,,,,,
4,1054,2023-02-11,27,19,30,14,28,45,33,9,66,2714,140308,2407955,28331331381,4721888622,4721890478,7015400000,12039775000,56830283500,3147925709,71543767,1739827,50000,5000
4,1055,2023-02-18,29,36,42,18,2,19,23,,,,,,,,,,,,,,,,
4,1055,2023-02-18,22,7,33,14,12,4,31,11,92,3413,165590,2662001,25990967255,4331827912,4331830795,8279500000,13310005000,56244128000,2362815205,47085086,1269215,50000,5000
3,1056,2023-02-25,2,26,7,18,37,19,3,,,,,,,,,,,,,,,,
3,1056,2023-02-25,24,32,13,45,20,36,29,14,81,3223,150996,2464595,27575274384,4595879088,4595881972,7549800000,12322975000,56639807500,1969662456,56739248,1425964,50000,5000
4,1057,2023-03-04,15,18,6,29,17,40,5,,,,,,,,,,,,,,,,
4,1057,2023-03-04,45,8,19,40,27,13,12,17,664,2962,146471,2461496,27473185138,4578864320,4578866940,7323550000,12307480000,56261943500,1616069714,6895880,1545870,50000,5000
3,1058,2023-03-11,42,2,38,6,44,14,41,,,,,,,,,,,,,,,,
3,1058,2023-03-11,32,11,23,40,30,25,42,13,60,3074,152446,2545208,26754263250,4459043880,4459046032,7622300000,12726040000,56020691000,2058020250,74317398,1450568,50000,5000
1,1059,2023-03-18,9,30,38,40,33,17,24,,,,,,,,,,,,,,,,
1,1059,2023-03-18,34,25,7,10,40,22,27,13,83,3127,151941,2516955,26431190253,4405198440,4405198774,7597050000,12584775000,55423412000,2033168481,53074680,1408762,50000,5000
3,1060,2023-03-25,21,31,41,17,25,1,3,,,,,,,,,,,,,,,,
3,1060,2023-03-25,38,45,10,3,33,24,36,28,96,4593,179475,2566118,25150689396,4191781632,4191783078,8973750000,12830590000,55338592500,898238907,43664392,912646,50000,5000
2,1061,2023-04-01,24,3,13,43,16,12,36,,,,,,,,,,,,,,,,
2,1061,2023-04-01,37,4,45,24,35,27,15,11,99,3003,145857,2425576,26650456503,4441742811,4441743306,7292850000,12127880000,54954672000,2422768773,44866089,1479102,50000,5000
3,1062,2023-04-08,17,14,39,22,3,45,7,,,,,,,,,,,,,,,,
3,1062,2023-04-08,41,31,32,45,20,40,12,7,68,2668,133599,2278058,26613536628,4435589476,4435590020,6679950000,11390290000,53554955500,3801933804,65229257,1662515,50000,5000
4,1063,2023-04-15,14,15,22,34,9,3,5,,,,,,,,,,,,,,,,
4,1063,2023-04-15,24,3,23,6,22,38,30,7,55,2706,139518,2401618,26392183125,4398697215,4398697710,6975900000,12008090000,54173567500,3770311875,79976313,1625535,50000,5000
3,1064,2023-04-22,24,44,9,43,32,36,12,,,,,,,,,,,,,,,,
3,1064,2023-04-22,18,6,35,3,9,22,14,19,62,3296,158665,2525390,25615194014,4269199038,4269200032,7933250000,12626950000,54713792000,1348168106,68858049,1295267,50000,5000
4,1065,2023-04-29,3,29,9,30,23,32,40,,,,,,,,,,,,,,,,
4,1065,2023-04-29,23,3,32,19,18,45,24,14,74,3117,148561,2416212,25936315132,4322719250,4322721057,7428050000,12081060000,54090863500,1852593938,58415125,1386821,50000,5000
1,1066,2023-05-06,15,28,32,6,10,27,2,,,,,,,,,,,,,,,,
1,1066,2023-05-06,16,32,6,21,11,19,45,15,88,3323,152826,2432046,25064208750,4177368184,4177369884,7641300000,12160230000,53220475000,1670947250,47470093,1257108,50000,5000
4,1067,2023-05-13,29,9,37,14,4,39,26,,,,,,,,,,,,,,,,
4,1067,2023-05-13,28,7,10,23,33,19,18,13,82,3679,163488,2567588,25754482130,4292413738,4292414386,8174400000,12837940000,55351649500,1981114010,52346509,1166734,50000,5000
5,1068,2023-05-20,42,33,21,26,29,23,22,,,,,,,,,,,,,,,,
5,1068,2023-05-20,4,19,35,26,7,33,3,19,87,3114,150789,2480427,25914660766,4319110128,4319111772,7539450000,12402135000,54494466000,1363929514,49644944,1386998,50000,5000
5,1069,2023-05-27,41,12,2,3,24,18,36,,,,,,,,,,,,,,,,
5,1069,2023-05-27,31,28,1,18,22,10,44,14,79,3006,146335,2419527,26085045756,4347507697,4347508662,7316750000,12097635000,54194446000,1863217554,55031743,1446277,50000,5000
5,1070,2023-06-03,12,28,1,38,26,23,14,,,,,,,,,,,,,,,,
5,1070,2023-06-03,30,6,41,22,14,3,36,14,63,2938,142759,2353987,26027637006,4337939529,4337942310,7137950000,11769935000,53611401000,1859116929,68856183,1476495,50000,5000
1,1071,2023-06-10,30,14,36,5,9,26,12,,,,,,,,,,,,,,,,
1,1071,2023-06-10,2,30,21,11,35,1,39,5,83,2891,143234,2391950,25919898750,4319983170,4319983717,7161700000,11959750000,53681315000,5183979750,52047990,1494287,50000,5000
1,1072,2023-06-17,11,9,6,39,10,27,41,,,,,,,,,,,,,,,,
1,1072,2023-06-17,23,32,20,18,43,16,27,12,93,2872,145504,2400605,26100076500,4350012783,4350014488,7275200000,12003025000,54078327000,2175006375,46774331,1514629,50000,5000
5,1073,2023-06-24,4,44,25,29,21,22,6,,,,,,,,,,,,,,,,
5,1073,2023-06-24,38,30,18,28,6,32,15,11,62,2994,146834,2387538,25797503633,4299583998,4299584598,7341700000,11937690000,53676061500,2345227603,69348129,1436067,50000,5000
5,1074,2023-07-01,18,37,16,5,32,17,26,,,,,,,,,,,,,,,,
5,1074,2023-07-01,27,1,28,41,20,6,15,12,78,2711,143155,2311622,25617163884,4269527340,4269529501,7157750000,11558110000,52872078500,2134763657,54737530,1574891,50000,5000
2,1075,2023-07-08,22,14,18,26,7,28,43,,,,,,,,,,,,,,,,
2,1075,2023-07-08,35,24,45,44,23,1,10,9,160,2750,134529,2267024,26067034503,4344505760,4344507750,6726450000,11335120000,52817616000,2896337167,27153161,1579821,50000,5000
3,1076,2023-07-15,11,39,37,1,42,4,14,,,,,,,,,,,,,,,,
3,1076,2023-07-15,33,9,7,37,36,3,10,9,86,3109,148521,2417204,24054207750,4009034652,4009036846,7426050000,12086020000,51584347000,2672689750,46616682,1289494,50000,5000
2,1077,2023-07-22,38,34,10,5,17,8,31,,,,,,,,,,,,,,,,
2,1077,2023-07-22,43,40,4,8,30,17,34,7,98,3235,149808,2428987,24996307126,4166051246,4166052410,7490400000,12144935000,52963744500,3570901018,42510727,1287806,50000,5000
1,1078,2023-07-29,24,31,38,42,1,43,35,,,,,,,,,,,,,,,,
1,1078,2023-07-29,36,6,38,10,11,14,43,12,77,2691,135352,2334106,25699259256,4283209931,4283210880,6767600000,11670530000,52703809000,2141604938,55626103,1591680,50000,5000
4,1079,2023-08-05,4,1,42,26,12,14,30,,,,,,,,,,,,,,,,
4,1079,2023-08-05,18,45,37,8,4,24,6,9,85,3212,145773,2344700,24410964753,4068494145,4068495860,7288650000,11723500000,51560103000,2712329417,47864637,1266655,50000,5000
4,1080,2023-08-12,43,17,9,27,20,2,26,,,,,,,,,,,,,,,,
4,1080,2023-08-12,16,23,13,36,44,31,38,7,82,2720,136257,2254999,25476111003,4246018548,4246020640,6812850000,11274995000,52055993000,3639444429,51780714,1561037,50000,5000
5,1081,2023-08-19,33,41,16,13,45,31,22,,,,,,,,,,,,,,,,
5,1081,2023-08-19,38,9,16,24,23,1,17,11,92,2923,143152,2390493,25782822384,4297137104,4297137376,7157600000,11952465000,53487161500,2343892944,46708012,1470112,50000,5000
3,1082,2023-08-26,13,3,27,17,26,28,31,,,,,,,,,,,,,,,,
3,1082,2023-08-26,21,42,27,34,26,32,31,7,62,2768,142123,2390544,26043427501,4340571268,4340572768,7106150000,11952720000,53783440000,3720489643,70009214,1568126,50000,5000
3,1083,2023-09-02,40,28,9,11,19,24,14,,,,,,,,,,,,,,,,
3,1083,2023-09-02,7,22,3,14,38,15,17,15,72,3274,154536,2501816,25696267875,4282711344,4282712852,7726800000,12509080000,54497570500,1713084525,59482102,1308098,50000,5000
1,1084,2023-09-09,22,42,18,15,33,26,6,,,,,,,,,,,,,,,,
1,1084,2023-09-09,29,42,33,8,12,13,5,15,107,3003,151391,2512924,26081469000,4346911594,4346911569,7569550000,12564620000,54909462000,1738764600,40625342,1447523,50000,5000
4,1085,2023-09-16,41,26,19,27,37,35,1,,,,,,,,,,,,,,,,
4,1085,2023-09-16,4,7,17,38,44,18,36,23,80,3471,156670,2475529,24685381879,4114230320,4114231836,7833500000,12377645000,53124987500,1073277473,51427879,1185316,50000,5000
2,1086,2023-09-23,21,19,35,3,1,28,39,,,,,,,,,,,,,,,,
2,1086,2023-09-23,16,27,35,25,36,11,37,17,67,3270,155241,2500478,25770534753,4295089136,4295089410,7762050000,12502390000,54625153000,1515913809,64105808,1313483,50000,5000
1,1087,2023-09-30,17,10,6,28,9,44,32,,,,,,,,,,,,,,,,
1,1087,2023-09-30,34,14,21,18,44,13,16,16,71,2989,149854,2506601,27716057632,4619342999,4619344072,7492700000,12533005000,56980448500,1732253602,65061169,1545448,50000,5000
2,1088,2023-10-07,41,10,43,36,9,30,17,,,,,,,,,,,,,,,,
2,1088,2023-10-07,21,39,30,22,44,11,31,11,94,2991,141487,2352280,26781676878,4463612842,4463612868,7074350000,11761400000,54544652500,2434697898,47485243,1492348,50000,5000
3,1089,2023-10-14,11,20,34,1,7,4,30,,,,,,,,,,,,,,,,
3,1089,2023-10-14,4,31,42,43,37,18,40,9,79,2825,138575,2338390,26806699503,4467783301,4467785525,6928750000,11691950000,54362966000,2978522167,56554219,1581517,50000,5000
1,1090,2023-10-21,5,9,28,2,18,43,19,,,,,,,,,,,,,,,,
1,1090,2023-10-21,29,40,19,12,21,45,1,11,88,2931,143714,2398962,26251440754,4375240144,4375241457,7185700000,11994810000,54182431000,2386494614,49718638,1492747,50000,5000
1,1091,2023-10-28,16,44,3,42,30,23,11,,,,,,,,,,,,,,,,
1,1091,2023-10-28,24,30,23,28,6,20,44,9,65,2873,149578,2481449,26086234131,4347705700,4347708027,7478900000,12407245000,54667790500,2898470459,66887780,1513299,50000,5000
4,1092,2023-11-04,3,27,26,32,4,11,7,,,,,,,,,,,,,,,,
4,1092,2023-11-04,45,26,7,19,33,18,37,16,84,3327,160096,2540721,25332637504,4222106280,4222109388,8004800000,12703605000,54485255000,1583289844,50263170,1269044,50000,5000
5,1093,2023-11-11,22,28,17,11,12,10,2,,,,,,,,,,,,,,,,
5,1093,2023-11-11,17,43,10,30,35,22,44,13,65,2928,141232,2327509,25571529750,4261921625,4261923600,7061600000,11637545000,52794518000,1967040750,65568025,1455575,50000,5000
4,1094,2023-11-18,24,39,41,6,14,36,25,,,,,,,,,,,,,,,,
4,1094,2023-11-18,15,7,6,26,22,40,41,12,87,2725,136802,2278728,25354253628,4225709016,4225709275,6840100000,11393640000,52039411500,2112854469,48571368,1550719,50000,5000
4,1095,2023-11-25,43,15,33,28,27,8,42,,,,,,,,,,,,,,,,
4,1095,2023-11-25,40,34,14,8,29,28,12,10,57,2584,135653,2278659,26178255750,4363042656,4363042656,6782650000,11393295000,53080286000,2617825575,76544608,1688484,50000,5000
1,1096,2023-12-02,26,9,39,29,4,42,20,,,,,,,,,,,,,,,,
1,1096,2023-12-02,43,1,23,19,16,12,34,10,85,2924,141700,2386598,25393911750,4232318640,4232320408,7085000000,11932990000,52876539000,2539391175,49791984,1447442,50000,5000
5,1097,2023-12-09,33,11,14,41,31,5,44,,,,,,,,,,,,,,,,
5,1097,2023-12-09,34,37,40,33,35,14,4,7,67,2631,135670,2317263,27050051630,4508341962,4508342157,6783500000,11586315000,54436550500,3864293090,67288686,1713547,50000,5000
2,1098,2023-12-16,11,23,31,9,33,15,18,,,,,,,,,,,,,,,,
2,1098,2023-12-16,24,16,41,43,21,12,15,13,68,2840,138090,2311866,25096004635,4182667488,4182669640,6904500000,11559330000,51925169500,1930461895,61509816,1472771,50000,5000
5,1099,2023-12-23,9,34,24,26,28,5,38,,,,,,,,,,,,,,,,
5,1099,2023-12-23,20,3,38,40,43,28,4,9,71,2701,134122,2306011,26639407125,4439901220,4439903800,6706100000,11530055000,53755364500,2959934125,62533820,1643800,50000,5000
5,1100,2023-12-30,28,14,22,20,26,35,34,,,,,,,,,,,,,,,,
5,1100,2023-12-30,31,29,26,17,30,43,12,13,81,2869,146262,2503154,28698481136,4783080213,4783082040,7313100000,12515770000,58093511500,2207575472,59050373,1667160,50000,5000
5,1101,2024-01-06,29,6,11,19,42,35,14,,,,,,,,,,,,,,,,
5,1101,2024-01-06,7,6,42,36,13,28,41,13,75,3363,159797,2596082,27306883500,4551147300,4551147900,7989850000,12980410000,57379438000,2100529500,60681964,1353300,50000,5000
1,1102,2024-01-13,29,30,43,42,39,24,33,,,,,,,,,,,,,,,,
1,1102,2024-01-13,26,13,38,37,22,14,20,20,63,3042,147705,2461606,27671828260,4611971385,4611973158,7385250000,12308030000,56589051000,1383591413,73205895,1516099,50000,5000
1,1103,2024-01-20,15,23,12,20,14,10,25,,,,,,,,,,,,,,,,
1,1103,2024-01-20,40,31,12,44,29,10,2,17,76,2909,144537,2436768,26765133761,4460855644,4460858412,7226850000,12183840000,55097535000,1574419633,58695469,1533468,50000,5000
2,1104,2024-01-27,12,29,43,34,1,26,3,,,,,,,,,,,,,,,,
2,1104,2024-01-27,38,30,21,7,1,35,2,15,76,3000,148589,2490276,27257896500,4542982764,4542984000,7429450000,12451380000,56224692000,1817193100,59776089,1514328,50000,5000
1,1105,2024-02-03,14,16,22,4,41,13,9,,,,,,,,,,,,,,,,
1,1105,2024-02-03,39,16,34,40,37,6,11,15,83,2898,148700,2503114,27522807000,4587134523,4587136974,7435000000,12515570000,56647646000,1834853800,55266681,1582863,50000,5000
4,1106,2024-02-10,2,4,3,32,11,16,38,,,,,,,,,,,,,,,,
4,1106,2024-02-10,4,29,1,45,3,42,36,11,67,3374,168792,2788452,30695091009,5115848516,5115851118,8439600000,13942260000,63308648000,2790462819,76355948,1516257,50000,5000
1,1107,2024-02-17,29,41,28,40,4,39,18,,,,,,,,,,,,,,,,
1,1107,2024-02-17,30,41,40,6,14,31,29,14,82,3357,162265,2581512,28358753262,4726458926,4726461294,8113250000,12907560000,58832481000,2025625233,57639743,1407942,50000,5000
3,1108,2024-02-24,45,33,30,37,31,3,39,,,,,,,,,,,,,,,,
3,1108,2024-02-24,7,39,19,37,26,44,27,14,96,3227,157579,2572268,27411871886,4568645376,4568647839,7878950000,12861340000,57289452500,1957990849,47590056,1415757,50000,5000
1,1109,2024-03-02,34,6,20,13,30,42,18,,,,,,,,,,,,,,,,
1,1109,2024-03-02,13,19,12,33,40,10,2,17,84,3347,180255,2734683,26933998875,4488999816,4489003094,9012750000,13673415000,58598163500,1584352875,53440474,1341202,50000,5000
3,1110,2024-03-09,4,37,29,35,18,21,39,,,,,,,,,,,,,,,,
3,1110,2024-03-09,11,20,7,22,3,41,24,16,118,3654,173234,2747163,26358283504,4393047252,4393050732,8661700000,13735815000,57541893000,1647392719,37229214,1202258,50000,5000
5,1111,2024-03-16,44,16,22,27,36,18,43,,,,,,,,,,,,,,,,
5,1111,2024-03-16,30,13,43,33,3,45,4,16,97,5096,171363,2608760,27434600640,4572433530,4572436960,8568150000,13043800000,58191417500,1714662540,47138490,897260,50000,5000
3,1112,2024-03-23,35,7,29,1,38,33,16,,,,,,,,,,,,,,,,
3,1112,2024-03-23,16,26,20,44,36,42,24,10,59,3077,148163,2461430,28044556500,4674092808,4674095311,7408150000,12307150000,57108042000,2804455650,79221912,1519043,50000,5000
5,1113,2024-03-30,20,23,42,1,25,41,43,,,,,,,,,,,,,,,,
5,1113,2024-03-30,20,32,44,13,21,11,8,14,57,2936,146997,2444535,27823975508,4637329278,4637329792,7349850000,12222675000,56671159000,1987426822,81356654,1579472,50000,5000
4,1114,2024-04-06,4,17,5,13,38,18,9,,,,,,,,,,,,,,,,
4,1114,2024-04-06,16,33,10,38,19,32,3,17,88,3221,160537,2574463,26924835008,4487472528,4487474653,8026850000,12872315000,56798945000,1583813824,50994006,1393193,50000,5000
2,1115,2024-04-13,10,13,2,19,4,9,41,,,,,,,,,,,,,,,,
2,1115,2024-04-13,7,23,12,32,34,36,8,12,60,3103,158614,2584491,27087339384,4514556600,4514557803,7930700000,12922455000,56969607500,2257278282,75242610,1454901,50000,5000
5,1116,2024-04-20,28,12,8,1,17,10,21,,,,,,,,,,,,,,,,
5,1116,2024-04-20,17,30,25,16,31,15,32,10,114,2896,145548,2444108,26950002380,4491667146,4491669936,7277400000,12220540000,55431276500,2695000238,39400589,1550991,50000,5000
2,1117,2024-04-27,13,19,26,42,2,28,33,,,,,,,,,,,,,,,,
2,1117,2024-04-27,4,30,36,33,3,9,7,9,94,3161,155379,2567618,27255469878,4542578388,4542581431,7768950000,12838090000,56947666500,3028385542,48325302,1437071,50000,5000
5,1118,2024-05-04,13,19,41,36,44,12,7,,,,,,,,,,,,,,,,
5,1118,2024-05-04,16,11,14,13,15,45,3,19,72,3518,145194,2435050,28071457508,4678576272,4678577646,7259700000,12175250000,56863560000,1477445132,64980226,1329897,50000,5000
5,1119,2024-05-11,39,18,23,34,13,24,31,,,,,,,,,,,,,,,,
5,1119,2024-05-11,13,9,45,12,20,1,3,19,97,3108,155000,2560859,26524546516,4420757831,4420760148,7750000000,12804295000,55920357000,1396028764,45574823,1422381,50000,5000
3,1120,2024-05-18,14,20,12,16,29,15,7,,,,,,,,,,,,,,,,
3,1120,2024-05-18,41,38,2,26,31,19,34,11,91,3049,154910,2532990,27743797125,4623966256,4623967048,7745500000,12664950000,57402179500,2522163375,50812816,1516552,50000,5000
4,1121,2024-05-25,25,33,19,34,21,42,45,,,,,,,,,,,,,,,,
4,1121,2024-05-25,32,44,38,24,6,31,8,11,76,2956,148984,2494773,27769645882,4628274372,4628277188,7449200000,12473865000,56949259500,2524513262,60898347,1565723,50000,5000
3,1122,2024-06-01,41,45,26,31,4,10,14,,,,,,,,,,,,,,,,
3,1122,2024-06-01,6,30,35,34,21,3,22,11,99,2932,151473,2540890,28118926506,4686487839,4686488276,7573650000,12704450000,57770002000,2556266046,47338261,1598393,50000,5000
5,1123,2024-06-08,10,3,12,8,36,7,40,,,,,,,,,,,,,,,,
5,1123,2024-06-08,21,34,19,35,24,13,26,16,77,2945,147087,2456500,27700971376,4616828601,4616829380,7354350000,12282500000,56571478500,1731310711,59958813,1567684,50000,5000
4,1124,2024-06-15,33,24,9,2,21,44,42,,,,,,,,,,,,,,,,
4,1124,2024-06-15,30,17,34,8,33,3,28,10,87,3123,158630,2619643,26233279130,4372213188,4372215615,7931500000,13098215000,56007420500,2623327913,50255324,1400005,50000,5000
5,1125,2024-06-22,8,3,12,45,10,34,40,,,,,,,,,,,,,,,,
5,1125,2024-06-22,33,6,14,40,25,44,30,12,78,3066,147313,2442674,26343470256,4390578426,4390579452,7365650000,12213370000,54703647000,2195289188,56289467,1432022,50000,5000
2,1126,2024-06-29,45,42,25,9,30,27,35,,,,,,,,,,,,,,,,
2,1126,2024-06-29,11,9,4,40,37,5,7,11,91,3114,157300,2626764,26250206631,4375034482,4375036098,7865000000,13133820000,55999095500,2386382421,48077302,1404957,50000,5000
4,1127,2024-07-06,8,34,38,7,20,39,14,,,,,,,,,,,,,,,,
4,1127,2024-07-06,37,10,15,31,24,30,32,12,84,3007,145646,2443423,27214703628,4535783952,4535785863,7282300000,12217115000,55785686500,2267891969,53997428,1508409,50000,5000
3,1128,2024-07-13,32,12,39,37,15,11,30,,,,,,,,,,,,,,,,
3,1128,2024-07-13,33,28,16,5,1,8,45,63,77,2987,153592,2545750,26455310280,4409218429,4409221219,7679600000,12728750000,55682097000,419925560,57262577,1476137,50000,5000
1,1129,2024-07-20,42,18,31,12,3,16,37,,,,,,,,,,,,,,,,
1,1129,2024-07-20,17,28,10,5,34,11,22,11,107,3142,154322,2542398,26065244260,4344207383,4344207750,7716100000,12711990000,55181749000,2369567660,40600069,1382625,50000,5000
4,1130,2024-07-27,16,26,37,23,28,35,12,,,,,,,,,,,,,,,,
4,1130,2024-07-27,28,25,19,21,27,15,40,12,69,2900,137397,2334975,27159614628,4526602446,4526604200,6869850000,11674875000,54757544500,2263301219,65602934,1560898,50000,5000
1,1131,2024-08-03,43,28,3,15,44,21,31,,,,,,,,,,,,,,,,
1,1131,2024-08-03,27,14,6,2,38,1,33,17,56,2861,144842,2471592,26220254266,4370042376,4370043033,7242100000,12357960000,54560399000,1542367898,78036471,1527453,50000,5000
5,1132,2024-08-10,2,1,29,4,22,24,40,,,,,,,,,,,,,,,,
5,1132,2024-08-10,41,34,6,7,28,19,5,11,73,3086,148359,2463697,26454469877,4409078382,4409079296,7417950000,12318485000,55009061500,2404951807,60398334,1428736,50000,5000
4,1133,2024-08-17,29,33,34,13,36,2,8,,,,,,,,,,,,,,,,
4,1133,2024-08-17,13,34,29,20,28,14,23,13,73,2737,143047,2393005,27366033383,4561005617,4561007962,7152350000,11965025000,55605419500,2105079491,62479529,1666426,50000,5000
4,1134,2024-08-24,3,39,26,11,40,7,31,,,,,,,,,,,,,,,,
4,1134,2024-08-24,19,7,3,9,13,24,23,14,97,3961,180353,2807905,24579651376,4096608566,4096608796,9017650000,14039525000,55830043500,1755689384,42233078,1034236,50000,5000
3,1135,2024-08-31,41,11,14,45,23,44,38,,,,,,,,,,,,,,,,
3,1135,2024-08-31,1,21,33,19,13,6,4,9,91,3417,163808,2654691,26583535125,4430589254,4430591544,8190400000,13273455000,56908568500,2953726125,48687794,1296632,50000,5000
5,1136,2024-09-07,10,20,41,44,4,33,21,,,,,,,,,,,,,,,,
5,1136,2024-09-07,44,33,42,38,21,35,1,12,75,2906,144451,2452383,27773617884,4628936325,4628938340,7222550000,12261915000,56515955500,2314468157,61719151,1592890,50000,5000
5,1137,2024-09-14,22,45,39,44,13,40,32,,,,,,,,,,,,,,,,
5,1137,2024-09-14,33,45,15,4,9,12,26,14,111,3323,163296,2737836,28328267632,4721378007,4721378214,8164800000,13689180000,59625003500,2023447688,42534937,1420818,50000,5000
4,1138,2024-09-21,44,20,37,9,6,4,36,,,,,,,,,,,,,,,,
4,1138,2024-09-21,19,20,14,34,16,29,35,14,50,2865,145690,2404999,26637195004,4439532500,4439535240,7284500000,12024995000,54825755000,1902656786,88790650,1549576,50000,5000
3,1139,2024-09-28,10,35,7,36,9,23,38,,,,,,,,,,,,,,,,
3,1139,2024-09-28,15,37,12,5,40,30,18,13,75,3240,163236,2645260,28177382636,4696230450,4696230960,8161800000,13226300000,58957943500,2167490972,62616406,1449454,50000,5000
5,1140,2024-10-05,38,41,39,19,7,28,15,,,,,,,,,,,,,,,,
5,1140,2024-10-05,38,29,10,22,31,7,15,12,83,3345,158343,2644989,27357887256,4559647911,4559649780,7917150000,13224945000,57619278000,2279823938,54935517,1363124,50000,5000
3,1141,2024-10-12,11,13,23,14,22,44,43,,,,,,,,,,,,,,,,
3,1141,2024-10-12,21,26,35,12,7,11,20,11,100,3371,165233,2718563,27035341135,4505890200,4505890973,8261650000,13592815000,57901586500,2457758285,45058902,1336663,50000,5000
1,1142,2024-10-19,12,8,1,39,44,14,38,,,,,,,,,,,,,,,,
1,1142,2024-10-19,37,41,30,2,28,8,22,9,67,2841,146936,2474033,28057659381,4676276591,4676277477,7346800000,12370165000,57127177500,3117517709,69795173,1645997,50000,5000
2,1143,2024-10-26,23,27,31,5,22,26,1,,,,,,,,,,,,,,,,
2,1143,2024-10-26,36,17,27,16,10,28,6,11,90,3154,156400,2612029,28002227253,4667037930,4667040034,7820000000,13060145000,58216448000,2545657023,51855977,1479721,50000,5000
2,1144,2024-11-02,2,44,14,41,39,32,23,,,,,,,,,,,,,,,,
2,1144,2024-11-02,34,12,4,26,3,15,6,18,94,3626,172239,2766594,26808252750,4468042216,4468044224,8611950000,13832970000,58189257000,1489347375,47532364,1232224,50000,5000
1,1145,2024-11-09,7,5,14,11,42,9,38,,,,,,,,,,,,,,,,
1,1145,2024-11-09,31,33,2,11,44,37,32,9,63,3312,164055,2647054,27464670756,4577445180,4577445648,8202750000,13235270000,58057581000,3051630084,72657860,1382079,50000,5000
1,1146,2024-11-16,17,3,40,36,45,34,4,,,,,,,,,,,,,,,,
1,1146,2024-11-16,6,19,17,11,40,43,28,11,72,3030,158146,2677017,27791239883,4631873328,4631876160,7907300000,13385085000,58347371500,2526476353,64331574,1528672,50000,5000
2,1147,2024-11-23,40,29,24,38,8,15,11,,,,,,,,,,,,,,,,
2,1147,2024-11-23,7,37,11,26,24,27,32,8,83,3588,173036,2750379,26587376632,4431229481,4431230232,8651800000,13751895000,57853530500,3323422079,53388307,1235014,50000,5000
3,1148,2024-11-30,4,29,2,7,12,14,31,,,,,,,,,,,,,,,,
3,1148,2024-11-30,16,22,13,15,6,3,32,13,97,3082,154963,2581682,26953320004,4492220059,4492221494,7748150000,12908410000,56594320000,2073332308,46311547,1457567,50000,5000
2,1149,2024-12-07,43,37,11,32,22,44,24,,,,,,,,,,,,,,,,
2,1149,2024-12-07,21,15,8,32,36,19,38,17,74,2924,145209,2448589,27427473005,4571245512,4571247096,7260450000,12242945000,56073359000,1613380765,61773588,1563354,50000,5000
2,1150,2024-12-14,36,31,2,29,37,39,15,,,,,,,,,,,,,,,,
2,1150,2024-12-14,45,18,39,35,9,8,25,17,226,3413,166846,2626598,26700545253,4450090968,4450091245,8342300000,13132990000,57076017000,1570620309,19690668,1303865,50000,5000
3,1151,2024-12-21,33,24,3,34,26,21,4,,,,,,,,,,,,,,,,
3,1151,2024-12-21,27,29,9,3,15,2,8,17,102,3351,163055,2635014,27548551510,4591425348,4591426266,8152750000,13175070000,58059222000,1620503030,45013974,1370166,50000,5000
5,1152,2024-12-28,8,7,10,1,44,5,31,,,,,,,,,,,,,,,,
5,1152,2024-12-28,31,36,35,37,32,30,5,35,79,3354,146890,2440804,30602238380,5100373115,5100374136,7344500000,12204020000,60351504500,874349668,64561685,1520684,50000,5000
5,1153,2025-01-04,35,45,19,8,40,10,27,,,,,,,,,,,,,,,,
5,1153,2025-01-04,35,9,44,13,1,10,5,15,79,3506,167692,2848165,30409693875,5068282367,5068284118,8384600000,14240825000,63171683500,2027312925,64155473,1445603,50000,5000
3,1154,2025-01-11,39,19,38,26,4,30,43,,,,,,,,,,,,,,,,
3,1154,2025-01-11,22,38,32,8,4,26,27,15,62,3190,154785,2559114,27824481375,4637413566,4637414650,7739250000,12795570000,57634128500,1854965425,74796993,1453735,50000,5000
1,1155,2025-01-18,16,7,36,38,19,29,25,,,,,,,,,,,,,,,,
1,1155,2025-01-18,19,10,37,27,38,16,13,7,78,3171,160366,2654046,28464626253,4744104378,4744104561,8018300000,13270230000,59241365000,4066375179,60821851,1496091,50000,5000
5,1156,2025-01-25,5,9,18,41,7,14,12,,,,,,,,,,,,,,,,
5,1156,2025-01-25,45,39,34,41,30,31,7,21,73,3494,162883,2706409,31609348890,5268224872,5268225248,8144150000,13532045000,63821993500,1505207090,72167464,1507792,50000,5000
4,1157,2025-02-01,7,34,35,36,38,40,11,,,,,,,,,,,,,,,,
4,1157,2025-02-01,5,7,20,26,25,12,28,12,141,4549,201847,3100779,27094105884,4515684330,4515687673,10092350000,15503895000,61721719500,2257842157,32026130,992677,50000,5000
3,1158,2025-02-08,4,3,35,32,43,21,41,,,,,,,,,,,,,,,,
3,1158,2025-02-08,38,21,27,25,32,37,20,21,86,3032,155209,2610120,29281522137,4880253696,4880255656,7760450000,13050600000,59853079500,1394358197,56747136,1609583,50000,5000
2,1159,2025-02-15,15,44,4,5,41,43,13,,,,,,,,,,,,,,,,
2,1159,2025-02-15,3,28,39,9,38,27,7,23,110,3742,177373,2826061,29551647750,4925274640,4925276530,8868650000,14130305000,62401152000,1284854250,44775224,1316215,50000,5000
2,1160,2025-02-22,13,20,37,30,3,11,18,,,,,,,,,,,,,,,,
2,1160,2025-02-22,39,7,36,13,45,18,19,12,84,3176,160611,2681692,30112318500,5018719776,5018721552,8030550000,13408460000,61588768000,2509359875,59746664,1580202,50000,5000
4,1161,2025-03-01,11,36,27,23,40,4,16,,,,,,,,,,,,,,,,
4,1161,2025-03-01,2,12,34,24,20,42,37,16,117,4107,181457,2859815,28682527504,4780421334,4780424790,9072850000,14299075000,61615295000,1792657969,40858302,1163970,50000,5000
2,1162,2025-03-08,13,16,34,5,36,21,2,,,,,,,,,,,,,,,,
2,1162,2025-03-08,29,28,21,25,22,20,6,36,78,4752,160953,2538565,29661516756,4943586180,4943586384,8047650000,12692825000,60289164000,823931021,63379310,1040317,50000,5000
4,1163,2025-03-15,40,11,39,1,7,19,16,,,,,,,,,,,,,,,,
4,1163,2025-03-15,13,2,33,16,15,43,4,15,75,3386,168204,2795027,29053367250,4842227925,4842230564,8410200000,13975135000,61123158000,1936891150,64563039,1430074,50000,5000
4,1164,2025-03-22,19,40,41,16,32,34,8,,,,,,,,,,,,,,,,
4,1164,2025-03-22,25,18,39,23,17,38,22,13,76,3470,170045,2807095,28510198132,4751699740,4751700020,8502250000,14035475000,60551322500,2193092164,62522365,1369366,50000,5000
3,1165,2025-03-29,19,3,32,34,25,31,11,,,,,,,,,,,,,,,,
3,1165,2025-03-29,38,29,45,7,6,27,17,13,91,3173,158014,2630455,28502308510,4750384821,4750387144,7900700000,13152275000,59056053000,2192485270,52202031,1497128,50000,5000
3,1166,2025-04-05,16,36,17,35,32,5,7,,,,,,,,,,,,,,,,
3,1166,2025-04-05,14,42,25,29,23,27,16,14,80,2803,147837,2456735,29012479132,4835413200,4835413255,7391850000,12283675000,58358830500,2072319938,60442665,1725085,50000,5000
3,1167,2025-04-12,14,9,34,42,12,19,13,,,,,,,,,,,,,,,,
3,1167,2025-04-12,35,40,8,31,39,23,24,10,69,2942,157094,2614372,28840879130,4806813240,4806813178,7854700000,13071860000,59381065500,2884087913,69663960,1633859,50000,5000
5,1168,2025-04-19,43,10,16,19,8,41,30,,,,,,,,,,,,,,,,
5,1168,2025-04-19,33,9,24,37,21,30,29,13,74,3514,166163,2712545,27776266882,4629377840,4629378740,8308150000,13562725000,58905897500,2136635914,62559160,1317410,50000,5000
2,1169,2025-04-26,19,5,21,16,43,18,11,,,,,,,,,,,,,,,,
2,1169,2025-04-26,39,26,24,12,42,5,20,10,112,3244,160483,2668194,28527358130,4754559712,4754562112,8024150000,13340970000,59401597500,2852735813,42451426,1465648,50000,5000
2,1170,2025-05-03,30,6,45,35,37,39,1,,,,,,,,,,,,,,,,
2,1170,2025-05-03,3,38,13,28,34,42,25,20,103,5668,163866,2637401,27731019380,4621836600,4621840236,8193300000,13187005000,58354997500,1386550969,44872200,815427,50000,5000
2,1171,2025-05-10,21,12,16,8,18,3,15,,,,,,,,,,,,,,,,
2,1171,2025-05-10,7,3,12,6,17,11,19,21,148,5317,211503,3094806,23695251006,3949208616,3949212384,10575150000,15474030000,57642848000,1128345286,26683842,742752,50000,5000
5,1172,2025-05-17,24,43,45,13,3,22,14,,,,,,,,,,,,,,,,
5,1172,2025-05-17,44,42,40,9,24,7,45,13,98,3059,152897,2590472,28639057876,4773176338,4773177948,7644850000,12952360000,58782620500,2203004452,48705881,1560372,50000,5000
3,1173,2025-05-24,17,40,2,14,4,36,20,,,,,,,,,,,,,,,,
3,1173,2025-05-24,30,35,20,1,18,5,3,24,94,3139,163678,2689832,28318705512,4719784274,4719784705,8183900000,13449160000,59391334000,1179946063,50210471,1503595,50000,5000
1,1174,2025-05-31,45,22,19,42,17,40,7,,,,,,,,,,,,,,,,
1,1174,2025-05-31,8,17,39,14,36,11,22,15,85,3196,158944,2670129,28659291375,4776548565,4776549840,7947200000,13350645000,59510233500,1910619425,56194689,1494540,50000,5000
2,1175,2025-06-07,33,44,9,38,11,36,40,,,,,,,,,,,,,,,,
2,1175,2025-06-07,42,8,4,3,6,32,31,20,92,3178,164364,2723718,27680521880,4613420316,4613423150,8218200000,13618590000,58744152500,1384026094,50145873,1451675,50000,5000
4,1176,2025-06-14,44,22,2,37,31,36,24,,,,,,,,,,,,,,,,
4,1176,2025-06-14,30,11,35,9,7,21,29,13,89,3533,171545,2746919,26678160002,4446360078,4446361759,8577250000,13734595000,57882725000,2052166154,49959102,1258523,50000,5000
5,1177,2025-06-21,23,24,32,38,4,17,1,,,,,,,,,,,,,,,,
5,1177,2025-06-21,3,43,7,15,19,16,21,6,75,3111,157438,2644128,27460032000,4576672050,4576672986,7871900000,13220640000,57705916000,4576672000,61022294,1471126,50000,5000
3,1178,2025-06-28,44,42,18,16,27,20,40,,,,,,,,,,,,,,,,
3,1178,2025-06-28,43,5,27,44,6,11,17,12,89,3061,157044,2653841,28699300884,4783216890,4783219613,7852200000,13269205000,59387139500,2391608407,53744010,1562633,50000,5000
4,1179,2025-07-05,16,20,44,29,22,28,8,,,,,,,,,,,,,,,,
4,1179,2025-07-05,44,18,16,24,40,3,21,13,63,2989,148832,2516368,28116674261,4686112431,4686115343,7441600000,12581840000,57512339000,2162821097,74382737,1567787,50000,5000
2,1180,2025-07-12,4,33,44,24,10,29,7,,,,,,,,,,,,,,,,
2,1180,2025-07-12,37,40,18,6,12,41,3,11,72,3010,153274,2567395,27891230631,4648538448,4648538650,7663700000,12836975000,57688982500,2535566421,64563034,1544365,50000,5000
1,1181,2025-07-19,42,9,20,25,41,5,22,,,,,,,,,,,,,,,,
1,1181,2025-07-19,8,14,20,41,10,33,28,17,86,3109,155938,2596371,27091939500,4515323274,4515325060,7796900000,12981855000,56901341000,1593643500,52503759,1452340,50000,5000
1,1182,2025-07-26,38,5,40,19,6,22,23,,,,,,,,,,,,,,,,
1,1182,2025-07-26,31,21,13,25,28,1,22,13,79,3015,156025,2616958,27622210512,4603701774,4603702995,7801250000,13084790000,57715654000,2124785424,58274706,1526933,50000,5000
1,1183,2025-08-02,28,31,4,8,24,26,19,,,,,,,,,,,,,,,,
1,1183,2025-08-02,36,4,15,23,17,27,31,13,92,3623,169030,2680548,26961558000,4493593076,4493596031,8451500000,13402740000,57802984000,2073966000,48843403,1240297,50000,5000
1,1184,2025-08-09,4,7,23,6,45,27,41,,,,,,,,,,,,,,,,
1,1184,2025-08-09,16,14,23,31,37,25,42,15,95,3115,155556,2576710,28659834000,4776639045,4776640680,7777800000,12883550000,58874462000,1910655600,50280411,1533432,50000,5000
3,1185,2025-08-16,31,21,16,37,29,3,33,,,,,,,,,,,,,,,,
3,1185,2025-08-16,17,6,32,28,29,22,38,12,79,2903,153798,2566276,28664341500,4777390305,4777391622,7689900000,12831380000,58740402000,2388695125,60473295,1645674,50000,5000
4,1186,2025-08-23,28,15,20,36,10,35,22,,,,,,,,,,,,,,,,
4,1186,2025-08-23,2,28,8,23,16,13,35,14,89,3226,162707,2628810,27799476754,4633246194,4633248946,8135350000,13144050000,58345369000,1985676911,52058946,1436221,50000,5000
3,1187,2025-08-30,36,34,30,41,24,35,44,,,,,,,,,,,,,,,,
3,1187,2025-08-30,26,37,5,13,40,29,42,11,79,3147,152448,2557090,28813180132,4802196700,4802199267,7622400000,12785450000,58825423500,2619380012,60787300,1525961,50000,5000
4,1188,2025-09-06,24,37,40,43,44,39,7,,,,,,,,,,,,,,,,
4,1188,2025-09-06,3,19,12,22,4,27,9,24,111,3713,188314,2901056,25791004128,4298500752,4298502970,9415700000,14505280000,58308985500,1074625172,38725232,1157690,50000,5000
4,1189,2025-09-13,32,9,6,16,33,24,11,,,,,,,,,,,,,,,,
4,1189,2025-09-13,37,29,19,9,38,35,31,13,167,3121,152345,2577694,29427466887,4904577910,4904579717,7617250000,12888470000,59742342500,2263651299,29368730,1571477,50000,5000
4,1190,2025-09-20,12,24,25,26,16,21,42,,,,,,,,,,,,,,,,
4,1190,2025-09-20,23,26,7,19,9,45,33,6,113,3293,168764,2752776,27736762878,4622793840,4622795725,8438200000,13763880000,59184430500,4622793813,40909680,1403825,50000,5000
2,1191,2025-09-27,7,31,6,17,12,18,4,,,,,,,,,,,,,,,,
2,1191,2025-09-27,1,11,4,41,12,20,2,18,132,3649,184758,2905296,27654018390,4609003080,4609004463,9237900000,14526480000,60636404500,1536334355,34916690,1263087,50000,5000
1,1192,2025-10-04,7,21,17,44,29,16,11,,,,,,,,,,,,,,,,
1,1192,2025-10-04,40,39,36,10,16,23,11,29,95,3476,171551,2841016,31306851023,5217808500,5217809696,8577550000,14205080000,64525098000,1079546587,54924300,1501096,50000,5000
2,1193,2025-10-11,13,44,36,41,3,42,21,,,,,,,,,,,,,,,,
2,1193,2025-10-11,9,24,19,28,6,16,17,16,84,3635,175936,2782376,27472216128,4578702744,4578704160,8796800000,13911880000,59338301500,1717013508,54508366,1259616,50000,5000
5,1194,2025-10-18,27,23,4,6,16,5,7,,,,,,,,,,,,,,,,
5,1194,2025-10-18,3,13,24,15,33,37,2,28,99,5442,186820,2884544,27584349772,4597391700,4597396158,9341000000,14422720000,60542853000,985155349,46438300,844799,50000,5000
4,1195,2025-10-25,4,7,10,22,41,12,8,,,,,,,,,,,,,,,,
4,1195,2025-10-25,27,34,36,3,33,15,37,10,86,3337,165621,2797760,29391867380,4898644624,4898645923,8281050000,13988800000,61459006500,2939186738,56960984,1467979,50000,5000
2,1196,2025-11-01,21,43,28,23,20,6,32,,,,,,,,,,,,,,,,
2,1196,2025-11-01,12,40,15,29,45,8,14,15,94,2837,153894,2619093,30024413250,5004068944,5004070820,7694700000,13095465000,60822716000,2001627550,53234776,1763860,50000,5000
3,1197,2025-11-08,15,27,44,42,29,28,14,,,,,,,,,,,,,,,,
3,1197,2025-11-08,1,5,28,43,7,26,30,13,74,3087,162871,2751422,28666167751,4777694634,4777697421,8143550000,13757110000,60122217000,2205089827,64563441,1547683,50000,5000
3,1198,2025-11-15,38,27,6,32,2,33,5,,,,,,,,,,,,,,,,
3,1198,2025-11-15,38,41,39,30,26,33,21,10,78,3110,155228,2591974,29536866380,4922811114,4922812780,7761400000,12959870000,60103758500,2953686638,63112963,1582898,50000,5000
2,1199,2025-11-22,42,5,9,34,6,14,15,,,,,,,,,,,,,,,,
2,1199,2025-11-22,25,31,16,24,30,32,7,17,75,3504,157073,2604985,28825367263,4804227900,4804229280,7853650000,13024925000,59312398000,1695609839,64056372,1371070,50000,5000
4,1200,2025-11-29,43,11,14,20,8,26,6,,,,,,,,,,,,,,,,
4,1200,2025-11-29,20,4,32,16,2,1,45,12,80,3584,161754,2673060,28287598500,4714599760,4714601472,8087700000,13365300000,59169798000,2357299875,58932497,1315458,50000,5000
4,1201,2025-12-06,10,11,16,44,23,45,36,,,,,,,,,,,,,,,,
4,1201,2025-12-06,36,7,35,27,24,9,37,19,84,3321,166050,2711377,26876558642,4479426504,4479427899,8302500000,13556885000,57694796500,1414555718,53326506,1348819,50000,5000
5,1202,2025-12-13,38,42,28,33,6,24,17,,,,,,,,,,,,,,,,
5,1202,2025-12-13,12,33,5,40,37,21,7,14,109,3764,180212,2723770,26885751382,4480958608,4480959192,9010600000,13618850000,58477118500,1920410813,41109712,1190478,50000,5000
2,1203,2025-12-20,13,31,29,2,45,19,28,,,,,,,,,,,,,,,,
2,1203,2025-12-20,18,6,29,39,3,35,24,21,118,3588,171960,2784823,28729275393,4788212614,4788214704,8598000000,13924115000,60827815500,1368060733,40578073,1334508,50000,5000
3,1204,2025-12-27,27,3,38,41,14,12,37,,,,,,,,,,,,,,,,
3,1204,2025-12-27,31,28,8,44,16,30,27,18,95,3361,164919,2753835,29898138384,4983023125,4983025322,8245950000,13769175000,61879309500,1661007688,52452875,1482602,50000,5000
1,1205,2026-01-03,5,27,25,29,15,13,41,,,,,,,,,,,,,,,,
1,1205,2026-01-03,31,4,23,41,16,1,2,10,97,3486,174740,2915978,32263862630,5377310527,5377311870,8737000000,14579890000,66335375027,3226386263,55436191,1542545,50000,5000
3,1206,2026-01-10,6,24,7,30,43,11,19,,,,,,,,,,,,,,,,
3,1206,2026-01-10,1,3,27,17,26,42,23,15,74,3329,172867,2897371,28032105000,4672017528,4672018470,8643350000,14486855000,60506345998,1868807000,63135372,1403430,50000,5000
2,1207,2026-01-17,31,4,2,20,45,41,32,,,,,,,,,,,,,,,,
2,1207,2026-01-17,38,27,10,45,24,22,11,17,86,3365,168020,2756042,29464450133,4910741728,4910743035,8401000000,13780210000,61467144896,1733202949,57101648,1459359,50000,5000
4,1208,2026-01-24,3,42,12,36,19,25,5,,,,,,,,,,,,,,,,
4,1208,2026-01-24,6,38,36,30,27,42,25,6,68,2932,149359,2544535,30010281750,5001713684,5001716392,7467950000,12722675000,60204336826,5001713625,73554613,1705906,50000,5000
1,1209,2026-01-31,5,44,39,2,32,45,19,,,,,,,,,,,,,,,,
1,1209,2026-01-31,17,35,39,20,2,37,24,22,73,3141,163147,2724028,30182030252,5030338385,5030339769,8157350000,13620140000,62020198406,1371910466,68908745,1601509,50000,5000
1,1210,2026-02-07,19,44,36,31,4,25,26,,,,,,,,,,,,,,,,
1,1210,2026-02-07,1,27,9,17,38,7,31,24,153,4649,211663,3139766,26455161768,4409193627,4409195282,10583150000,15698830000,61555530677,1102298407,28818259,948418,50000,5000
3,1211,2026-02-14,10,28,40,21,36,45,22,,,,,,,,,,,,,,,,
3,1211,2026-02-14,40,38,23,27,26,35,10,14,86,3332,174056,2902451,33193384504,5532230790,5532232888,8702800000,14512255000,67472903182,2370956036,64328265,1660334,50000,5000
5,1212,2026-02-21,30,37,45,27,23,38,7,,,,,,,,,,,,,,,,
5,1212,2026-02-21,8,25,44,31,5,41,45,12,79,3482,175609,2923618,31849068384,5308178112,5308180166,8780450000,14618090000,65863966662,2654089032,67192128,1524463,50000,5000
2,1213,2026-02-28,18,34,27,21,12,32,42,,,,,,,,,,,,,,,,
2,1213,2026-02-28,36,27,25,38,11,5,2,18,110,3724,180063,2958422,31320209628,5220035040,5220035072,9003150000,14792110000,65555539740,1740011646,47454864,1401728,50000,5000
1,1214,2026-03-07,44,38,12,1,3,27,13,,,,,,,,,,,,,,,,
1,1214,2026-03-07,19,15,30,10,33,27,14,12,99,3618,177889,2921649,29178926256,4863154428,4863156408,8894450000,14608245000,62407932092,2431577188,49122772,1344156,50000,5000
2,1215,2026-03-14,3,14,17,6,8,34,30,,,,,,,,,,,,,,,,
2,1215,2026-03-14,15,19,21,45,44,13,39,16,76,3120,153024,2640357,31976674128,5329445736,5329446720,7651200000,13201785000,63488551584,1998542133,70124286,1708156,50000,5000
2,1216,2026-03-21,39,32,6,1,31,35,3,,,,,,,,,,,,,,,,
2,1216,2026-03-21,3,15,24,10,23,14,25,14,87,3181,168089,2853121,30081156000,5013526032,5013526385,8404450000,14265605000,62778263417,2148654000,57626736,1576085,50000,5000
4,1217,2026-03-28,33,11,29,13,30,45,2,,,,,,,,,,,,,,,,
4,1217,2026-03-28,20,31,10,8,15,29,41,14,85,3344,163563,2742207,30516332252,5086055410,5086056800,8178150000,13711035000,62577629462,2179738018,59835946,1520950,50000,5000
5,1218,2026-04-04,33,20,19,11,32,25,21,,,,,,,,,,,,,,,,
5,1218,2026-04-04,28,3,45,31,42,32,25,18,80,2889,150326,2600819,30860676756,5143446160,5143448484,7516300000,13004095000,61667966400,1714482042,64293077,1780356,50000,5000
5,1219,2026-04-11,30,31,25,29,12,44,42,,,,,,,,,,,,,,,,
5,1219,2026-04-11,1,2,15,28,39,45,31,12,77,3079,150733,2560905,30098794128,5016465762,5016466908,7536650000,12804525000,60472901798,2508232844,65148906,1629252,50000,5000
4,1220,2026-04-18,31,11,25,16,29,42,27,,,,,,,,,,,,,,,,
4,1220,2026-04-18,2,28,34,43,25,22,16,14,85,3192,161279,2688906,29603198254,4933866395,4933868016,8063950000,13444530000,60979412665,2114514161,58045487,1545698,50000,5000
1,1221,2026-04-25,37,18,41,45,13,40,16,,,,,,,,,,,,,,,,
1,1221,2026-04-25,36,18,28,6,13,30,9,16,96,3465,174082,2745724,29292818640,4882136448,4882136490,8704100000,13728620000,61489811578,1830801165,50855588,1408986,50000,5000
2,1222,2026-05-02,22,16,43,25,14,5,28,,,,,,,,,,,,,,,,
2,1222,2026-05-02,32,4,41,11,22,17,34,24,115,4081,182844,2896800,28871684256,4811947415,4811947910,9142200000,14484000000,62121779581,1202986844,41843021,1179110,50000,5000
3,1223,2026-05-09,23,36,7,25,44,10,24,,,,,,,,,,,,,,,,
3,1223,2026-05-09,20,18,16,39,33,32,26,16,103,3481,161967,2716882,29720866128,4953477751,4953480405,8098350000,13584410000,61310584284,1857554133,48092017,1423005,50000,5000
3,1224,2026-05-16,2,41,22,1,38,30,37,,,,,,,,,,,,,,,,
3,1224,2026-05-16,27,45,9,18,44,21,28,12,70,3373,166726,2716244,28978263000,4829710550,4829711002,8336300000,13581220000,60555204552,2414855250,68995865,1431874,50000,5000
2,1225,2026-05-23,31,44,23,14,13,3,27,,,,,,,,,,,,,,,,
2,1225,2026-05-23,42,8,25,41,9,19,33,13,76,3333,161090,2705194,28965730131,4827621688,4827623856,8054500000,13525970000,60201445675,2228133087,63521338,1448432,50000,5000
2,1226,2026-05-30,39,9,40,3,30,31,29,,,,,,,,,,,,,,,,
2,1226,2026-05-30,26,4,17,28,13,6,41,10,75,3557,171525,2803464,28152301130,4692050250,4692052928,8576250000,14017320000,60129974308,2815230113,62560670,1319104,50000,5000
4,1227,2026-06-06,33,20,2,38,17,29,37,,,,,,,,,,,,,,,,
4,1227,2026-06-06,1,44,16,14,34,41,13,11,70,3042,151881,2523341,29422893005,4903815560,4903816554,7594050000,12616705000,59441280119,2674808455,70054508,1612037,50000,5000
4,1228,2026-06-13,11,29,1,39,36,27,13,,,,,,,,,,,,,,,,
4,1228,2026-06-13,30,29,44,31,35,24,1,11,83,2836,147604,2514073,29681678631,4946946495,4946948240,7380200000,12570365000,59526138366,2698334421,59601765,1744340,50000,5000
5,1229,2026-06-20,30,7,34,9,21,10,18,,,,,,,,,,,,,,,,
5,1229,2026-06-20,37,13,42,12,34,29,16,8,89,2925,152290,2583834,28158072000,4693012008,4693013325,7614500000,12919170000,58077767333,3519759000,52730472,1604449,50000,5000
3,1230,2026-06-27,21,9,36,16,30,39,25,,,,,,,,,,,,,,,,
3,1230,2026-06-27,22,3,9,8,28,42,45,16,90,3336,168902,2770957,28341715136,4723619220,4723619208,8445100000,13854785000,60088838564,1771357196,52484658,1415953,50000,5000
